date,price,level,levels,rooms,area,kitchen_area,geo_lat,geo_lon,building_type,object_type,postal_code,street_id,id_region,house_id,time,region
2021-01-01,2451300,15,31,1,30.3,0.0,56.7801124,60.6993548,0,2,620000.0,,66.0,1632918.0,,
2021-01-01,1450000,5,5,1,33.0,6.0,44.6081542,40.1383814,0,0,385000.0,,1.0,,,
2021-01-01,10700000,4,13,3,85.0,12.0,55.5400601,37.7251124,3,0,142701.0,242543.0,50.0,681306.0,,
2021-01-01,3100000,3,5,3,82.0,9.0,44.6081542,40.1383814,0,0,385000.0,,1.0,,,
2021-01-01,2500000,2,3,1,30.0,9.0,44.7386846,37.7136681,3,2,353960.0,439378.0,23.0,1730985.0,,
2021-01-01,1450000,5,5,2,47.0,6.0,48.5111715,44.5668459,2,0,400096.0,260588.0,34.0,1009994.0,,
2021-01-01,9000000,2,4,3,107.4,21.3,55.0099136,82.9348589,4,0,630102.0,233285.0,54.0,2823596.0,,
2021-01-01,2990000,1,2,3,54.0,7.0,51.8347031,107.6005709,0,0,670034.0,,3.0,,,
2021-01-01,2300000,16,18,1,39.7,11.5,45.0038685,39.0865107,4,0,350065.0,523822.0,23.0,1284243.0,,
2021-01-01,2290000,2,2,2,53.2,16.0,53.164362,45.033956,5,0,440003.0,,58.0,,,
2021-01-01,3350000,1,19,-1,10.1,2.0,55.778026,37.540147,3,0,123007.0,580339.0,77.0,2069062.0,,
2021-01-01,5000000,8,9,3,100.0,0.0,57.104626,65.58797,4,0,625046.0,450441.0,72.0,2825516.0,,
2021-01-01,3214804,5,17,-1,32.44,0.0,55.4624497,37.700041,0,2,102321.0,,50.0,799789.0,,
2021-01-01,3750000,19,20,2,40.0,-100.0,55.0552885,82.8941912,3,0,630082.0,557992.0,54.0,2715855.0,,
2021-01-01,11100000,3,17,2,62.4,9.7,55.6905542,37.8635456,0,0,140002.0,,50.0,,,
2021-01-01,8865000,10,13,2,66.7,14.6,59.8511787,30.4116573,4,2,192288.0,569976.0,78.0,1690045.0,,
2021-01-01,2650000,6,7,-1,26.0,4.0,57.1529744,65.5344099,3,2,625062.0,229121.0,72.0,880012.0,,
2021-01-01,2300000,2,4,3,62.4,7.7,48.7811242,44.5777823,4,0,400009.0,,34.0,,,
2021-01-01,2500000,5,9,3,61.0,7.5,57.6881859,39.76105,2,0,150063.0,190251.0,76.0,1940462.0,,
2021-01-01,4650000,5,9,2,56.8,8.0,54.7422365,55.9962363,4,0,450097.0,458583.0,2.0,918972.0,,
2021-01-01,2435000,5,5,1,49.7,0.0,54.6033362,36.2673399,4,0,248031.0,564060.0,40.0,2657892.0,,
2021-01-01,5000000,6,9,2,62.9,11.2,45.0381364,38.9212563,0,0,350004.0,209279.0,23.0,2170951.0,,
2021-01-01,3450000,10,18,2,55.0,11.0,45.0732145,39.0387712,4,0,350901.0,550810.0,23.0,704175.0,,
2021-01-01,1650000,5,5,2,46.1,0.0,54.298622,48.332397,0,0,432028.0,,73.0,,,
2021-01-01,2250000,5,5,3,60.0,9.0,56.4449573,53.766105,4,0,427961.0,431723.0,18.0,2388350.0,,
2021-01-01,1250000,2,2,3,70.7,11.0,52.8590666,39.8182962,4,0,399140.0,,48.0,,,
2021-01-01,2700000,5,5,3,64.0,-100.0,50.5365229,137.0290803,4,0,681000.0,317006.0,27.0,2279129.0,,
2021-01-01,2900000,4,6,1,32.0,6.0,44.7275009,37.7511461,2,0,353907.0,568636.0,23.0,1953752.0,,
2021-01-01,3650000,6,7,1,36.0,16.0,57.1529744,65.5344099,4,2,625062.0,229121.0,72.0,880012.0,,
2021-01-01,2600000,4,5,1,34.0,6.5,52.985992,158.6709,0,0,683013.0,,41.0,,,
2021-01-01,900000,3,4,3,54.0,-100.0,51.9114659,102.4355979,4,0,671023.0,153245.0,3.0,632956.0,,
2021-01-01,1350000,5,5,1,31.0,6.0,57.6036524,39.8193541,4,0,150029.0,219632.0,76.0,1932159.0,,
2021-01-01,1800000,5,5,3,57.9,6.0,53.5188796,50.1372729,4,0,443901.0,139613.0,63.0,1034124.0,,
2021-01-01,2250000,2,3,1,40.0,10.2,54.50598,36.251661,4,2,,,40.0,1179265.0,,
2021-01-01,4296056,2,17,1,36.99,11.72,55.5639247,37.8255637,4,2,142714.0,,50.0,1704996.0,,
2021-01-01,3100000,1,4,3,62.0,7.0,44.611368,40.105483,0,0,385000.0,,1.0,,,
2021-01-01,30000000,11,22,3,109.0,15.5,55.702794,37.666153,3,0,115432.0,451495.0,77.0,1430362.0,,
2021-01-01,2300000,4,9,1,32.0,5.0,56.2966828,101.7603955,0,0,665707.0,339190.0,38.0,2686707.0,,
2021-01-01,22112640,8,29,3,69.8,11.6,55.8349584,37.6373778,0,2,129226.0,201942.0,77.0,1251884.0,,
2021-01-01,2700000,4,5,3,56.6,6.0,44.611368,40.105483,0,0,385000.0,,1.0,,,
2021-01-01,2370000,3,4,2,54.0,0.0,43.047672,44.671295,0,0,362021.0,194558.0,15.0,2275604.0,,
2021-01-01,4200000,1,14,2,50.0,-100.0,43.5821663,39.727345,3,0,354000.0,151411.0,23.0,1278090.0,,
2021-01-01,1690000,1,5,1,29.9,0.0,61.8012114,34.2904993,2,0,185013.0,586421.0,10.0,1098069.0,,
2021-01-01,4800000,4,8,2,50.4,9.6,54.711208,20.497776,0,0,236006.0,,39.0,,,
2021-01-01,750000,2,2,2,48.0,8.0,52.6214385,51.274101,5,0,446643.0,210091.0,63.0,2376977.0,,
2021-01-01,5300000,5,10,3,67.1,9.0,44.7415855,37.7238478,2,0,353912.0,568636.0,23.0,1196149.0,,
2021-01-01,2300000,8,16,1,45.2,14.3,45.093524,39.005613,3,0,350024.0,317008.0,23.0,2108202.0,,
2021-01-01,4900000,9,10,3,66.0,11.0,44.7415855,37.7238478,2,0,353912.0,568636.0,23.0,1196149.0,,
2021-01-01,1560000,4,4,2,46.5,7.0,48.5768987,44.4392115,0,0,400057.0,,34.0,,,
2021-01-01,4860000,2,5,2,56.0,0.0,61.2666181,73.3787549,2,0,628415.0,547403.0,86.0,976715.0,,
2021-01-01,1960000,5,5,1,29.2,6.3,55.6915564,52.3399654,2,0,423803.0,577048.0,16.0,754999.0,,
2021-01-01,5450000,1,4,2,51.9,14.4,60.17451,30.153282,3,0,188651.0,,47.0,,,
2021-01-01,2190000,10,10,2,80.2,16.0,43.4734542,43.5750415,5,0,360030.0,350841.0,7.0,867686.0,,
2021-01-01,3899000,5,5,3,66.1,9.0,55.9072587,38.0579851,2,0,141103.0,446284.0,50.0,2679689.0,,
2021-01-01,1000000,1,1,3,68.0,11.0,45.4923847,42.1332456,4,0,356180.0,343628.0,26.0,1988099.0,,
2021-01-01,3450000,4,6,3,62.0,9.0,57.1512483,65.5889695,4,0,625048.0,136462.0,72.0,2629384.0,,
2021-01-01,5450000,2,17,2,54.7,17.1,44.6831175,37.7800038,3,0,353924.0,246582.0,23.0,2178236.0,,
2021-01-01,2050000,5,5,2,46.0,0.0,43.024408,44.6619571,2,0,362003.0,290898.0,15.0,1186513.0,,
2021-01-01,4000000,3,3,2,61.3,15.0,44.7386846,37.7136681,3,0,353960.0,439378.0,23.0,1213340.0,,
2021-01-01,1860000,3,5,3,58.2,7.0,48.8472148,44.5560462,4,0,400058.0,420205.0,34.0,1821881.0,,
2021-01-01,4200000,6,10,4,120.0,20.0,42.9671407,47.5354944,3,0,367007.0,540675.0,5.0,1654926.0,,
2021-01-01,1500000,2,5,2,55.2,9.3,45.9574372,33.7996991,5,0,296000.0,445921.0,91.0,1439532.0,,
2021-01-01,5970000,7,10,2,51.7,8.9,56.2911642,43.9116968,2,0,603034.0,337428.0,52.0,2003626.0,,
2021-01-01,4200000,12,25,-1,25.8,-100.0,60.0368892,30.2261228,3,2,190000.0,291085.0,78.0,2484205.0,,
2021-01-01,2600000,1,5,1,30.0,6.0,44.6993312,37.7831112,2,0,353923.0,226112.0,23.0,2608554.0,,
2021-01-01,7100000,3,16,3,78.1,12.3,52.2667892,104.3265025,3,0,664081.0,492098.0,38.0,2552545.0,,
2021-01-01,1750000,11,14,1,38.0,12.6,51.822302,55.174318,2,0,460060.0,,56.0,,,
2021-01-01,11340000,2,5,3,130.0,16.7,54.754511,55.996573,4,0,450058.0,222600.0,2.0,1465817.0,,
2021-01-01,3400000,1,2,2,43.0,0.0,44.7032041,37.7863291,0,0,353905.0,171066.0,23.0,2436513.0,,
2021-01-01,2700000,7,9,2,53.0,9.0,54.279602,48.29743,2,0,432029.0,,73.0,,,
2021-01-01,5800000,8,17,2,81.7,23.0,51.644787,39.168873,3,0,394055.0,,36.0,,,
2021-01-01,6000000,4,9,3,52.4,6.0,55.7496117,38.0076555,2,0,143980.0,235760.0,50.0,795929.0,,
2021-01-01,3900000,2,5,3,68.2,14.9,44.1967906,42.0473039,0,0,369015.0,166943.0,9.0,2628180.0,,
2021-01-01,3500000,7,9,3,61.5,8.7,56.10996,40.37477,0,0,600033.0,,33.0,,,
2021-01-01,1670000,4,5,3,61.0,6.0,56.3889292,61.9389994,4,0,623408.0,199317.0,66.0,687137.0,,
2021-01-01,3880000,1,9,2,60.0,9.5,50.5696764,36.5765002,0,0,308033.0,473680.0,31.0,2138731.0,,
2021-01-01,1850000,9,9,1,39.0,0.0,56.1255488,93.3334825,2,0,662501.0,,24.0,,,
2021-01-01,4380000,10,10,3,85.0,12.0,57.6387864,39.9494363,4,0,150065.0,368032.0,76.0,616411.0,,
2021-01-01,4764200,9,11,2,57.4,11.3,56.838607,60.605514,3,2,,,66.0,1104878.0,,
2021-01-01,5175000,7,17,1,39.0,10.0,55.8075249,37.9434,2,0,143902.0,226252.0,50.0,1683047.0,,
2021-01-01,1650000,6,20,1,19.5,4.0,56.7805182,60.6992904,0,0,620023.0,,66.0,2652227.0,,
2021-01-01,4090000,7,9,1,32.0,6.0,55.9819313,37.7430357,3,0,141033.0,129787.0,50.0,679371.0,,
2021-01-01,650000,2,2,1,38.0,-100.0,52.889061,36.34307,3,0,302512.0,,57.0,,,
2021-01-01,2800000,5,5,3,61.0,6.0,57.5893632,39.8638563,4,0,150048.0,510428.0,76.0,896293.0,,
2021-01-01,2000000,2,4,2,60.2,-100.0,55.2471398,61.3956963,4,0,454031.0,241136.0,74.0,2835575.0,,
2021-01-01,6700000,10,12,3,94.1,-100.0,53.3570823,83.7750952,3,2,656002.0,122318.0,22.0,1739426.0,,
2021-01-01,3900000,4,10,3,59.0,9.0,44.6292697,41.945838,4,0,357100.0,537524.0,26.0,2602575.0,,
2021-01-01,2350000,3,5,2,42.0,6.0,57.1541591,65.5772557,4,0,625048.0,123985.0,72.0,1083536.0,,
2021-01-01,2500000,20,20,-1,25.0,0.0,44.6727019,37.7873634,3,0,353924.0,175085.0,23.0,1259902.0,,
2021-01-01,5900000,7,9,3,76.0,8.3,51.6988612,94.4183629,2,0,667011.0,218348.0,17.0,1245571.0,,
2021-01-01,3100000,3,3,1,42.0,15.0,44.750924,37.7141333,3,0,353960.0,222442.0,23.0,1417131.0,,
2021-01-01,2600000,2,9,3,62.9,7.5,58.590813,49.59121,0,0,610045.0,,43.0,,,
2021-01-01,1800000,2,8,2,35.0,-100.0,57.1189872,65.6179624,2,0,625019.0,409546.0,72.0,1082282.0,,
2021-01-01,4500000,3,10,2,96.0,18.0,53.265244,34.3239217,0,0,241001.0,433867.0,32.0,2530844.0,,
2021-01-01,3750000,5,5,3,78.0,10.0,43.0265689,44.7076571,4,0,362019.0,559307.0,15.0,1800400.0,,
2021-01-01,3485000,13,17,2,62.0,12.5,51.7849433,55.0946359,2,0,460050.0,201977.0,56.0,2247245.0,,
2021-01-01,2250000,10,12,1,36.43,11.1,44.7566086,37.7225751,3,2,353960.0,224050.0,23.0,716660.0,,
2021-01-01,1600000,6,6,1,38.0,9.0,52.0224407,47.8439498,2,0,413863.0,346600.0,64.0,2666000.0,,
2021-01-01,1900000,4,9,1,30.0,6.0,53.3663231,83.6641028,2,0,656060.0,182406.0,22.0,1946447.0,,
2021-01-01,6574995,10,11,-1,31.0,-100.0,59.9367442,30.2517999,3,0,199406.0,172995.0,78.0,1780424.0,,
2021-01-01,3718427,3,17,1,41.27,0.0,55.4624497,37.700041,0,2,102321.0,,50.0,799789.0,,
2021-01-01,40336132,10,21,2,120.0,20.0,43.5854551,39.7231548,0,0,354000.0,,23.0,1357199.0,,
2021-01-01,1150000,17,17,-1,20.0,3.0,54.934666,83.11958,0,0,630068.0,312570.0,54.0,2047558.0,,
2021-01-01,1750000,4,5,2,31.9,-100.0,55.8025732,38.9795924,4,0,142600.0,542517.0,50.0,2294086.0,,
2021-01-01,7250000,21,24,2,60.0,11.0,60.0496489,30.428597,3,0,188669.0,174464.0,47.0,902072.0,,
2021-01-01,7718000,32,33,2,69.5,19.2,56.838607,60.605514,3,2,,,66.0,1104878.0,,
2021-01-01,3900000,1,5,3,67.8,10.0,57.1536573,65.5715539,4,0,625006.0,507621.0,72.0,2533206.0,,
2021-01-01,3400000,5,5,2,50.0,5.0,44.6993312,37.7831112,2,0,353923.0,226112.0,23.0,2608554.0,,
2021-01-01,7068330,12,13,1,42.3,18.7,55.638429,37.652912,0,2,,,78.0,,,
2021-01-01,2000000,1,5,1,30.0,6.0,57.994987,56.299377,2,0,614077.0,,59.0,,,
2021-01-01,2900000,4,16,1,36.21,10.1,44.6734796,37.7689778,2,2,353924.0,240026.0,23.0,1860883.0,,
2021-01-01,3100000,1,4,3,62.5,0.0,45.050947,41.9762141,0,0,355035.0,446215.0,26.0,1542826.0,,
2021-01-01,5300000,4,5,2,54.8,8.5,59.572716,30.11973,0,0,188300.0,,47.0,,,
2021-01-01,1000000,5,5,2,39.3,-100.0,51.876017,36.907463,4,0,306530.0,,46.0,,,
2021-01-01,1300000,5,9,1,29.0,0.0,54.267727,48.30057,0,0,432073.0,,73.0,,,
2021-01-01,6399000,16,19,-1,72.0,0.0,55.013206,82.8985996,2,2,630029.0,251925.0,54.0,646359.0,,
2021-01-01,750000,1,2,2,37.0,-100.0,58.366385,45.510575,4,0,157500.0,,44.0,,,
2021-01-01,2600000,7,9,1,33.0,0.0,57.1399134,65.5053563,2,0,625049.0,183448.0,72.0,884547.0,,
2021-01-01,5600000,7,16,2,55.9,0.0,61.242795,73.463981,0,0,628401.0,520427.0,86.0,2353556.0,,
2021-01-01,3000000,3,5,3,60.0,-100.0,45.0547245,38.9996018,4,0,350042.0,134296.0,23.0,1608743.0,,
2021-01-01,2180000,3,5,2,46.6,6.0,57.752775,40.990495,4,0,156019.0,,44.0,,,
2021-01-01,800000,2,5,1,30.0,-100.0,58.0856229,57.821606,5,0,618910.0,393621.0,59.0,1647430.0,,
2021-01-01,2700000,1,9,3,57.0,0.0,53.3539688,83.6776601,2,0,656057.0,342869.0,22.0,2569222.0,,
2021-01-01,1800000,1,5,1,36.6,-100.0,45.0307781,38.9658333,4,0,350000.0,345171.0,23.0,860979.0,,
2021-01-01,3900000,14,22,1,40.2,11.0,48.6856192,44.4870685,3,0,400074.0,,34.0,,,
2021-01-01,2125200,1,24,1,32.2,9.5,47.245924,39.689961,0,2,344079.0,203005.0,61.0,1262818.0,,
2021-01-01,6300000,15,25,1,38.9,-100.0,45.046412,38.979203,3,0,350020.0,346526.0,23.0,799494.0,,
2021-01-01,2376000,19,24,1,36.0,11.9,47.245924,39.689961,0,2,344079.0,203005.0,61.0,1262818.0,,
2021-01-01,2398500,24,25,1,36.9,0.0,47.245924,39.689961,0,2,344079.0,203005.0,61.0,1262818.0,,
2021-01-01,5200000,5,10,3,100.0,25.0,45.0922453,39.0083362,3,0,350024.0,439064.0,23.0,2750749.0,,
2021-01-01,5700000,11,16,2,56.0,10.0,44.6889835,37.7918159,3,0,353913.0,351003.0,23.0,2285007.0,,
2021-01-01,1350000,4,5,2,44.2,6.0,53.107281,48.423317,0,0,446009.0,,63.0,,,
2021-01-01,2660000,1,3,2,54.4,12.0,45.132986,42.021168,4,0,356240.0,,26.0,,,
2021-01-01,6250000,4,9,3,75.8,12.4,54.705345,20.52301,4,0,236006.0,,39.0,,,
2021-01-01,2200000,2,3,3,59.4,-100.0,54.4197216,86.305155,0,0,652600.0,582507.0,42.0,2117939.0,,
2021-01-01,2450000,1,5,3,62.7,0.0,53.264081,34.3243089,0,0,241001.0,,32.0,,,
2021-01-01,2509000,1,2,2,36.8,6.6,56.8891225,60.6206474,5,0,620091.0,245802.0,66.0,1018694.0,,
2021-01-01,3650000,9,9,1,47.0,11.5,44.7377454,37.7305128,3,0,353912.0,568636.0,23.0,2356636.0,,
2021-01-01,2500000,1,3,2,58.0,23.0,44.7837421,37.6991944,3,0,353991.0,342321.0,23.0,2420942.0,,
2021-01-01,3700000,3,5,3,98.0,25.0,48.1781661,40.7926979,4,0,347045.0,300075.0,61.0,2607302.0,,
2021-01-01,7400000,9,9,1,32.3,5.2,55.766357,37.712868,3,0,111020.0,394412.0,77.0,2183736.0,,
2021-01-01,3400000,6,9,1,36.0,10.0,44.890434,37.34177,3,0,353451.0,225102.0,23.0,1678711.0,,
2021-01-01,2300000,2,4,2,45.7,-100.0,57.6411167,39.8206923,0,0,150031.0,133895.0,76.0,1478500.0,,
2021-01-01,1650000,3,3,2,53.0,-100.0,56.0682218,44.1474797,2,0,607672.0,459664.0,52.0,1541194.0,,
2021-01-01,2220000,11,18,1,37.01,0.0,52.587696,39.523726,0,0,398004.0,,48.0,,,
2021-01-01,4600000,1,9,2,74.0,14.0,44.7377454,37.7305128,3,0,353912.0,568636.0,23.0,2356636.0,,
2021-01-01,1800000,9,10,-1,33.5,0.0,54.945149,82.959938,2,2,630022.0,519271.0,54.0,2192843.0,,
2021-01-01,2150000,1,5,3,58.0,0.0,54.4815311,53.4655972,0,0,452000.0,329186.0,2.0,2530033.0,,
2021-01-01,2750000,2,6,3,63.7,0.0,55.3381227,86.0634719,4,0,650055.0,306798.0,42.0,1573458.0,,
2021-01-01,590000,5,5,3,66.0,8.0,53.990941,48.328464,0,0,433393.0,,73.0,,,
2021-01-01,3000000,1,5,1,13.6,2.0,55.7401645,37.5469942,4,0,121165.0,152778.0,77.0,2173638.0,,
2021-01-01,8865000,11,13,2,66.7,14.6,59.8511787,30.4116573,4,2,192288.0,569976.0,78.0,1690045.0,,
2021-01-01,3000000,1,6,2,75.0,11.6,56.636802,47.8279808,4,0,424007.0,265249.0,12.0,938314.0,,
2021-01-01,16769040,13,42,3,65.3,-100.0,55.6776405,37.5870576,3,2,,194123.0,77.0,1242477.0,,
2021-01-01,2499000,5,5,2,43.0,6.0,54.8218993,56.1134263,2,0,450065.0,350222.0,2.0,916532.0,,
2021-01-01,2460000,8,9,1,38.0,-100.0,56.1264545,40.3466688,2,0,600028.0,480767.0,33.0,1085509.0,,
2021-01-01,16294780,11,42,3,62.6,-100.0,55.6776405,37.5870576,3,2,,194123.0,77.0,1242477.0,,
2021-01-01,25173570,19,22,2,90.5,0.0,55.7403565,37.5227471,0,2,121170.0,478059.0,77.0,2143866.0,,
2021-01-01,3143300,19,25,2,73.1,23.2,51.5034082,46.1579123,3,0,413106.0,193591.0,64.0,1282933.0,,
2021-01-01,5890000,7,10,1,43.3,12.0,56.838607,60.605514,4,2,,,66.0,1104878.0,,
2021-01-01,2881540,23,25,2,75.8,-100.0,51.5034082,46.1579123,3,0,413106.0,193591.0,64.0,1282933.0,,
2021-01-01,5020000,10,18,2,60.0,12.0,51.8374815,107.5791787,0,2,670000.0,570143.0,3.0,2446868.0,,
2021-01-01,8000000,1,5,4,90.0,0.0,61.23942,73.43794,0,0,628402.0,,86.0,,,
2021-01-01,50457103,10,21,3,150.0,50.0,43.5854551,39.7231548,0,0,354000.0,,23.0,1357199.0,,
2021-01-01,7600000,12,16,2,66.7,0.0,56.8284715,60.5885695,3,0,620014.0,585303.0,66.0,2029679.0,,
2021-01-01,10503090,17,31,1,42.3,12.4,55.8054647,37.7144696,3,2,107392.0,433375.0,77.0,2011990.0,,
2021-01-01,41148764,16,21,2,122.0,22.0,43.5854551,39.7231548,0,0,354000.0,,23.0,1357199.0,,
2021-01-01,16605790,10,42,3,65.3,-100.0,55.6776405,37.5870576,3,2,,194123.0,77.0,1242477.0,,
2021-01-01,4532000,9,10,1,43.0,4.7,44.8997618,37.3301085,3,0,353440.0,145581.0,23.0,1396806.0,,
2021-01-01,1470000,1,5,1,29.0,9.0,54.4869628,53.4832646,4,0,452602.0,,2.0,1012552.0,,
2021-01-01,2927701,12,17,-1,28.07,0.0,55.4624497,37.700041,0,2,102321.0,,50.0,799789.0,,
2021-01-01,2349000,7,25,1,34.8,9.8,47.245924,39.689961,0,2,344079.0,203005.0,61.0,1262818.0,,
2021-01-01,2224200,3,24,1,33.7,9.8,47.245924,39.689961,0,2,344079.0,203005.0,61.0,1262818.0,,
2021-01-01,550000,1,1,3,49.2,-100.0,58.314873,44.747267,6,0,157300.0,,44.0,,,
2021-01-01,1620000,1,9,1,36.6,8.4,48.77528,44.801166,0,0,404126.0,,34.0,,,
2021-01-01,1500000,1,1,2,45.6,11.7,45.0509707,34.60449,4,0,297600.0,392352.0,91.0,1479404.0,,
2021-01-01,1000000,1,2,3,58.0,-100.0,53.962763,38.1637751,5,0,301602.0,214267.0,71.0,1849959.0,,
2021-01-01,2200000,1,9,2,53.0,10.1,48.597074,44.424152,2,0,400059.0,431831.0,34.0,766868.0,,
2021-01-01,3000000,1,9,2,52.1,7.5,54.910457,52.2763338,1,0,423457.0,432953.0,16.0,2244645.0,,
2021-01-01,1050000,2,5,2,48.6,0.0,55.0793602,21.8934673,4,0,238750.0,179018.0,39.0,1532808.0,,
2021-01-01,1020000,2,3,1,23.0,4.7,52.969124,36.059994,0,0,302028.0,,57.0,,,
2021-01-01,3100000,1,9,2,42.4,5.98,64.512115,40.66939,2,0,163062.0,,29.0,,,
2021-01-01,18000000,10,11,4,153.3,0.0,56.0116624,92.8900974,4,0,660049.0,385730.0,24.0,2048192.0,,
2021-01-01,7900000,4,9,3,74.0,-100.0,59.8913945,30.4647111,2,0,193230.0,415324.0,78.0,944668.0,,
2021-01-01,1500000,5,5,2,53.0,9.0,55.94756,37.343775,0,0,107140.0,,37.0,,,
2021-01-01,1650000,14,18,-1,25.0,-100.0,47.3161942,39.7934183,2,0,344065.0,495262.0,61.0,1938265.0,,
2021-01-01,1600000,13,16,-1,23.5,-100.0,45.1024303,39.0339752,4,2,,538685.0,23.0,1652566.0,,
2021-01-01,3960000,6,10,2,58.0,12.0,53.2088357,50.1797925,2,0,443080.0,480698.0,63.0,1840897.0,,
2021-01-01,5889000,3,9,2,65.4,21.9,59.8091841,30.0823217,4,2,188507.0,466341.0,47.0,1004939.0,,
2021-01-01,1800000,5,5,3,64.0,-100.0,43.0399138,44.2237601,2,0,363246.0,480285.0,15.0,2528633.0,,
2021-01-01,2300000,4,16,1,37.8,10.4,45.0025688,39.0737225,5,0,350065.0,523822.0,23.0,2427486.0,,
2021-01-01,1250000,9,9,1,30.0,6.0,53.8944248,87.1160501,2,0,654044.0,170136.0,42.0,2048667.0,,
2021-01-01,1300000,2,5,2,49.0,9.0,45.3424262,42.849147,4,0,356530.0,537481.0,26.0,2506423.0,,
2021-01-01,4200000,13,14,2,54.0,22.0,57.1065328,65.567133,3,0,625033.0,451699.0,72.0,853877.0,,
2021-01-01,2100000,1,3,3,64.0,-100.0,52.2024175,107.6388035,2,0,671260.0,,3.0,1515247.0,,
2021-01-01,86000000,26,31,4,192.7,0.0,55.6527298,37.4755761,3,0,119571.0,525896.0,77.0,1625548.0,,
2021-01-01,2500000,1,4,1,30.6,6.0,44.7357301,37.7454705,3,0,353912.0,342761.0,23.0,1159090.0,,
2021-01-01,2600000,5,5,2,41.2,0.0,57.139984,65.5304,4,0,625008.0,391508.0,72.0,1794282.0,,
2021-01-01,4750000,8,9,2,63.7,18.0,61.2606076,73.2524282,3,0,628433.0,,86.0,1948998.0,,
2021-01-01,3850000,1,10,2,57.6,0.0,54.9808351,82.8461462,0,2,,533661.0,54.0,1646432.0,,
2021-01-01,4000000,7,9,1,49.6,25.2,45.0381364,38.9212563,0,0,350004.0,209279.0,23.0,2170951.0,,
2021-01-01,5150000,4,9,1,56.7,24.0,44.8925352,37.3379518,3,0,353451.0,379013.0,23.0,1171277.0,,
2021-01-01,3300000,2,15,3,80.0,9.0,56.1436041,47.1860848,0,0,428034.0,431040.0,21.0,2088406.0,,
2021-01-01,2200000,5,5,3,58.0,7.0,53.1575784,48.4808286,2,0,446001.0,378439.0,63.0,1377793.0,,
2021-01-01,1300000,1,2,2,53.0,-100.0,56.1849613,50.4116345,4,0,422050.0,504899.0,16.0,1229570.0,,
2021-01-01,2554500,4,24,1,39.3,18.7,45.073624,39.041699,0,2,350901.0,287609.0,23.0,2479869.0,,
2021-01-01,6418000,21,32,-1,20.0,5.0,55.8054647,37.7144696,3,2,107392.0,433375.0,77.0,2011990.0,,
2021-01-01,2000000,7,9,1,31.7,6.8,48.6114325,44.4296479,0,0,400067.0,,34.0,,,
2021-01-01,3500000,8,15,-1,30.82,0.0,54.999158,82.9505639,1,2,630083.0,256876.0,54.0,1537022.0,,
2021-01-01,10000000,3,10,4,142.4,0.0,56.0402615,92.9046334,4,0,660077.0,275162.0,24.0,684486.0,,
2021-01-01,8500000,3,3,2,76.5,16.0,44.593334,33.469125,0,0,299038.0,,92.0,,,
2021-01-01,1750000,5,5,2,58.0,0.0,54.0157668,38.2970915,0,0,301650.0,518986.0,71.0,1887095.0,,
2021-01-01,21000000,4,18,4,92.9,12.0,55.703682,37.774426,2,0,109443.0,212710.0,77.0,2330403.0,,
2021-01-01,2070000,9,9,1,31.9,6.0,48.716913,44.5116111,0,0,400087.0,,34.0,,,
2021-01-01,1500000,4,5,3,50.4,-100.0,67.939354,32.953266,4,0,184511.0,,51.0,,,
2021-01-01,2366000,19,26,1,55.0,15.0,51.5034082,46.1579123,3,0,413106.0,193591.0,64.0,1282933.0,,
2021-01-01,4100000,8,16,1,43.7,13.4,44.732803,37.751667,2,0,353907.0,342761.0,23.0,1671428.0,,
2021-01-01,1550000,1,9,-1,26.0,-100.0,53.6987661,91.4052248,4,0,655009.0,482386.0,19.0,1407631.0,,
2021-01-01,3500000,1,9,3,45.0,0.0,56.4841885,85.0224328,4,0,634021.0,578645.0,70.0,2379379.0,,
2021-01-01,2686370,2,15,-1,26.5,-100.0,59.89385,30.45181,3,2,193230.0,561440.0,78.0,2692866.0,,
2021-01-01,870000,9,9,2,51.0,9.0,54.0055438,86.7067081,4,0,652718.0,344423.0,42.0,618741.0,,
2021-01-01,3965000,20,23,1,30.5,13.0,60.030667,30.459275,0,2,195299.0,232807.0,78.0,1575857.0,,
2021-01-01,6220000,15,18,3,71.0,10.0,51.8374815,107.5791787,0,2,670000.0,570143.0,3.0,2446868.0,,
2021-01-01,5350000,7,9,2,65.0,12.0,56.0559108,92.8962619,1,2,660125.0,373170.0,24.0,1171299.0,,
2021-01-01,3550000,9,9,2,68.1,12.9,54.684059,20.571833,0,0,236034.0,,39.0,,,
2021-01-01,8200000,16,24,3,100.0,-100.0,45.1274616,38.9633307,3,2,,400564.0,23.0,927222.0,,
2021-01-01,4450000,1,4,-1,36.0,6.0,55.920769,37.880171,3,0,141075.0,582656.0,50.0,1817086.0,,
2021-01-01,3200000,5,17,2,43.6,0.0,57.5814688,39.9145764,0,0,150006.0,436018.0,76.0,1435982.0,,
2021-01-01,1650000,1,5,3,61.0,6.0,55.5337266,89.1867854,2,0,662312.0,,24.0,2077517.0,,
2021-01-01,2750000,4,5,1,32.0,6.0,56.011707,92.84001,0,0,660021.0,,24.0,,,
2021-01-01,1430000,1,9,1,28.0,0.0,56.585086,84.920511,4,0,636019.0,,70.0,,,
2021-01-01,7408788,17,17,1,37.11,12.92,59.966552,30.401271,1,2,195221.0,251072.0,78.0,2618084.0,,
2021-01-01,600000,2,5,1,32.8,8.4,57.1062506,61.3977824,2,0,624286.0,144555.0,66.0,2579079.0,,
2021-01-01,1200000,1,5,2,43.4,5.4,53.5261007,87.2773756,2,0,652741.0,353832.0,42.0,1702116.0,,
2021-01-01,1400000,1,2,2,50.1,4.0,46.352623,48.028328,4,0,414000.0,,30.0,,,
2021-01-01,4000000,10,10,3,86.96,12.96,54.9476889,82.9703743,2,2,630022.0,309495.0,54.0,864372.0,,
2021-01-01,3000000,2,2,3,56.0,-100.0,52.0399219,113.482198,4,0,672007.0,155021.0,75.0,1091996.0,,
2021-01-01,3000000,2,2,3,56.0,0.0,52.0399219,113.482198,4,0,672007.0,155021.0,75.0,1091996.0,,
2021-01-01,3300000,6,9,1,53.0,16.0,54.186146,45.165596,4,0,430005.0,,13.0,,,
2021-01-01,6750183,8,10,1,30.4,-100.0,59.8777956,30.4433046,4,2,192171.0,146825.0,78.0,1080729.0,,
2021-01-01,3565000,8,9,2,45.0,11.0,57.1195173,65.5243451,2,0,625062.0,451365.0,72.0,1562421.0,,
2021-01-01,3749538,9,17,1,41.34,0.0,55.4624497,37.700041,0,2,102321.0,,50.0,799789.0,,
2021-01-01,4400000,5,14,2,59.0,14.0,57.1337343,65.4956349,0,0,625018.0,505935.0,72.0,2177158.0,,
2021-01-01,4763545,25,26,2,60.67,23.0,56.8385216,60.6054911,0,2,620000.0,141737.0,66.0,2306642.0,,
2021-01-01,1500000,1,5,-1,31.0,0.0,55.145774,36.62569,1,0,249025.0,542285.0,40.0,2725373.0,,
2021-01-01,1580000,3,9,1,32.3,6.0,56.8764485,53.2767647,4,0,426053.0,177797.0,18.0,2102310.0,,
2021-01-01,6700000,3,5,2,41.0,5.4,55.6971281,37.8639911,4,0,140002.0,183874.0,50.0,2814809.0,,
2021-01-01,5050000,10,19,1,39.8,11.3,55.7943584,49.1114975,0,2,420061.0,131236.0,16.0,2294167.0,,
2021-01-01,3337000,4,12,3,70.2,14.3,58.2363746,68.2805991,3,2,626158.0,,72.0,1242028.0,,
2021-01-01,2395600,6,25,1,30.5,0.0,56.7801124,60.6993548,0,2,620000.0,,66.0,1632918.0,,
2021-01-01,3100000,3,5,3,59.0,9.0,44.6081542,40.1383814,0,0,385000.0,,1.0,,,
2021-01-01,8860255,5,15,1,46.9,17.4,55.590612,37.446138,0,2,,587420.0,77.0,2837707.0,,
2021-01-01,965000,5,9,1,37.0,8.0,52.038654,47.77185,0,0,413865.0,,64.0,,,
2021-01-01,1100000,4,5,2,45.0,6.0,56.1770066,34.56989,2,0,172332.0,374643.0,69.0,2428010.0,,
2021-01-01,4858300,3,25,1,51.1,-100.0,45.1274616,38.9633307,3,2,,400564.0,23.0,927222.0,,
2021-01-01,2090000,14,27,1,44.0,-100.0,54.60475,39.796903,3,2,390037.0,,62.0,,,
2021-01-01,1950000,4,5,2,35.0,0.0,57.1327243,65.5822106,4,0,625023.0,228530.0,72.0,1714063.0,,
2021-01-01,5170000,7,10,2,53.61,0.0,55.8619706,49.1990682,0,0,420096.0,,16.0,1704166.0,,
2021-01-01,2499000,5,5,2,54.0,0.0,56.346127,41.275458,2,0,601903.0,483252.0,33.0,912664.0,,
2021-01-01,1300000,3,4,2,45.1,-100.0,56.22305,51.07201,4,0,612964.0,,43.0,,,
2021-01-01,2126500,9,14,1,42.55,10.5,56.8200838,35.898655,0,2,170043.0,519001.0,69.0,2217524.0,,
2021-01-01,3300000,1,10,1,41.8,13.1,55.125896,82.894414,4,2,630040.0,579548.0,54.0,1627459.0,,
2021-01-01,10050000,7,8,2,70.8,-100.0,55.5294003,37.7123165,3,2,142701.0,,50.0,2347031.0,,
2021-01-01,7109656,14,16,1,38.6,16.3,55.590612,37.446138,0,2,,587420.0,77.0,2837707.0,,
2021-01-01,2400000,5,5,3,61.3,6.0,64.420815,40.796864,0,0,164902.0,,29.0,,,
2021-01-01,4700000,1,10,-1,67.4,5.0,55.125896,82.894414,4,2,630040.0,579548.0,54.0,1627459.0,,
2021-01-01,250000,1,2,2,52.0,-100.0,59.113809,46.148657,6,0,157650.0,,44.0,,,
2021-01-01,1970000,11,14,1,37.82,10.6,56.8200838,35.898655,0,2,170043.0,519001.0,69.0,2217524.0,,
2021-01-01,2800000,2,10,2,50.0,8.2,53.3766841,83.7165378,2,0,656010.0,348411.0,22.0,2365329.0,,
2021-01-01,3550000,8,10,1,48.0,-100.0,56.064452,92.9233868,4,0,660125.0,,24.0,,,
2021-01-01,2560000,3,5,2,47.3,6.7,51.9903475,113.5939828,0,0,672016.0,267334.0,75.0,2052270.0,,
2021-01-01,4350000,7,10,3,62.7,11.0,44.7415855,37.7238478,2,0,353912.0,568636.0,23.0,1196149.0,,
2021-01-01,4525511,12,17,1,38.09,12.9,55.5639247,37.8255637,0,2,,,50.0,2266087.0,,
2021-01-01,3000000,7,10,4,90.4,-100.0,56.1476366,47.1634659,2,0,428009.0,247920.0,21.0,1991385.0,,
2021-01-01,4554193,16,17,1,38.09,12.9,55.5639247,37.8255637,0,2,,,50.0,2266087.0,,
2021-01-01,4800000,1,10,-1,67.2,7.1,55.125896,82.894414,4,2,630040.0,579548.0,54.0,1627459.0,,
2021-01-01,4800000,16,17,-1,28.3,5.0,55.9105782,37.7363579,3,2,141000.0,,50.0,2585216.0,,
2021-01-01,3000000,1,4,1,31.0,9.0,44.7031834,37.7882055,5,0,353905.0,252205.0,23.0,1311793.0,,
2021-01-01,3120000,14,18,-1,25.0,0.0,60.06271,30.424097,0,0,188669.0,435371.0,47.0,1181481.0,,
2021-01-01,7343614,2,15,1,41.2,19.9,55.590612,37.446138,0,2,,587420.0,77.0,2837707.0,,
2021-01-01,4600000,5,5,3,54.0,3.8,44.7017002,37.7870984,2,0,353905.0,,23.0,,,
2021-01-01,2900000,1,10,1,34.9,10.6,55.125896,82.894414,4,2,630040.0,579548.0,54.0,1627459.0,,
2021-01-01,1600000,12,22,-1,21.1,0.0,44.707143,37.772523,3,2,353915.0,564162.0,23.0,611932.0,,
2021-01-01,1780000,8,12,-1,30.46,0.0,57.6215477,39.8977411,4,0,150042.0,328126.0,76.0,706509.0,,
2021-01-01,1460000,1,5,2,46.0,-100.0,45.3571375,40.6936195,4,0,352190.0,414319.0,23.0,966155.0,,
2021-01-01,4500000,5,18,2,68.0,14.4,44.7085447,37.778234,3,2,353905.0,434116.0,23.0,2092010.0,,
2021-01-01,3200000,2,9,1,41.0,14.0,46.3054945,44.2681089,4,0,358000.0,499044.0,8.0,1241046.0,,
2021-01-01,17500000,10,11,2,80.0,0.0,44.5011541,34.1728905,0,0,298600.0,456411.0,91.0,2515484.0,,
2021-01-01,4250000,1,10,2,54.6,13.5,55.125896,82.894414,4,2,630040.0,579548.0,54.0,1627459.0,,
2021-01-01,4800000,8,8,2,61.5,12.7,55.125896,82.894414,4,2,630040.0,579548.0,54.0,1627459.0,,
2021-01-01,1490000,2,10,1,31.0,9.8,59.1890518,39.9323019,4,0,160033.0,,35.0,,,
2021-01-01,3500000,1,4,2,57.7,10.0,50.5821508,36.6604193,4,0,308013.0,235193.0,31.0,2456500.0,,
2021-01-01,4500000,1,5,4,88.9,8.0,43.5035304,43.6183465,4,0,360019.0,440309.0,7.0,1535924.0,,
2021-01-01,3600000,12,19,1,27.0,6.0,55.7933432,49.2473341,3,0,420083.0,139029.0,16.0,2474823.0,,
2021-01-01,3720000,3,5,2,47.1,6.0,56.266933,43.89623,0,0,603095.0,,52.0,,,
2021-01-01,5400000,1,9,2,55.0,11.0,53.20639,44.989273,4,0,440018.0,,58.0,,,
2021-01-01,6500000,5,5,2,72.8,-100.0,50.262616,127.564894,2,0,675002.0,,28.0,,,
2021-01-01,4500000,1,10,2,60.4,16.4,55.125896,82.894414,4,2,630040.0,579548.0,54.0,1627459.0,,
2021-01-01,3787435,3,11,2,40.0,16.8,64.5288278,40.554559,6,2,163002.0,327981.0,29.0,2741454.0,,
2021-01-01,4350000,11,13,2,52.4,10.0,44.7265993,37.7447217,3,0,353907.0,386304.0,23.0,1721321.0,,
2021-01-01,7134716,6,14,1,38.9,16.5,55.590612,37.446138,0,2,,587420.0,77.0,2837707.0,,
2021-01-01,22500000,3,22,3,100.2,15.0,55.6944515,37.4702137,0,0,119361.0,523491.0,77.0,2540778.0,,
2021-01-01,7967075,11,14,1,42.2,19.7,55.590612,37.446138,0,2,,587420.0,77.0,2837707.0,,
2021-01-01,4250000,4,8,2,54.6,13.5,55.125896,82.894414,4,2,630040.0,579548.0,54.0,1627459.0,,
2021-01-01,6873128,3,11,3,73.0,11.1,64.5288278,40.554559,6,2,163002.0,327981.0,29.0,2741454.0,,
2021-01-01,7496646,14,14,1,38.6,17.8,55.590612,37.446138,0,2,,587420.0,77.0,2837707.0,,
2021-01-01,3550000,7,8,-1,41.8,3.9,55.125896,82.894414,4,2,630040.0,579548.0,54.0,1627459.0,,
2021-01-01,2800000,4,5,2,45.0,6.0,57.009931,40.985895,4,0,153037.0,,37.0,,,
2021-01-01,3500000,6,7,1,41.4,10.5,57.1529744,65.5344099,4,0,625055.0,443439.0,72.0,1811083.0,,
2021-01-01,7421470,14,15,1,36.3,10.0,55.590612,37.446138,0,2,,587420.0,77.0,2837707.0,,
2021-01-01,3400000,1,10,-1,41.6,6.3,55.125896,82.894414,4,2,630040.0,579548.0,54.0,1627459.0,,
2021-01-01,7315053,8,9,1,38.6,17.8,55.590612,37.446138,0,2,,587420.0,77.0,2837707.0,,
2021-01-01,7580681,14,15,1,38.6,16.3,55.590612,37.446138,0,2,,587420.0,77.0,2837707.0,,
2021-01-01,9500000,6,12,3,140.0,17.0,57.159367,65.54469,4,0,625002.0,483540.0,72.0,2135138.0,,
2021-01-01,2800000,2,5,1,27.0,6.0,44.7017002,37.7870984,2,0,353905.0,,23.0,,,
2021-01-01,5978784,10,16,-1,25.4,-100.0,55.4846387,37.3067639,3,2,108840.0,,77.0,2377550.0,,
2021-01-01,7446245,12,15,2,37.7,16.3,55.7540471,37.620405,0,2,101000.0,,77.0,1137040.0,,
2021-01-01,8293011,8,15,3,55.7,18.9,55.7540471,37.620405,0,2,101000.0,,77.0,1137040.0,,
2021-01-01,4450000,2,10,2,59.8,12.2,55.125896,82.894414,4,2,630040.0,579548.0,54.0,1627459.0,,
2021-01-01,2650000,1,5,1,33.0,6.0,44.7017002,37.7870984,2,0,353905.0,,23.0,,,
2021-01-01,2460000,2,5,1,30.0,0.0,57.1453805,65.5518711,4,0,625048.0,223317.0,72.0,1818181.0,,
2021-01-01,7950000,1,8,2,75.9,23.7,55.551725,37.7061984,0,0,142700.0,,50.0,1762086.0,,
2021-01-01,2443140,7,10,2,64.5,13.0,51.533557,46.034257,4,2,410000.0,,64.0,1179151.0,,
2021-01-01,4160000,9,9,1,48.8,13.4,54.9659216,82.9617704,4,0,630033.0,415509.0,54.0,1094157.0,,
2021-01-01,5011344,3,17,1,32.69,9.57,55.5639247,37.8255637,4,2,142714.0,,50.0,1704996.0,,
2021-01-01,7183603,4,14,1,38.7,17.9,55.590612,37.446138,0,2,,587420.0,77.0,2837707.0,,
2021-01-01,7748296,10,14,1,41.4,19.4,55.590612,37.446138,0,2,,587420.0,77.0,2837707.0,,
2021-01-01,9177754,6,12,1,43.9,18.4,55.4846387,37.3067639,0,2,108840.0,,77.0,2377550.0,,
2021-01-01,3950000,1,12,3,72.0,10.0,53.2267751,44.9262048,0,0,440066.0,,58.0,,,
2021-01-01,4300000,7,8,2,53.5,11.1,55.125896,82.894414,4,2,630040.0,579548.0,54.0,1627459.0,,
2021-01-01,9181590,4,8,1,43.3,19.0,55.4846387,37.3067639,0,2,108840.0,,77.0,2377550.0,,
2021-01-01,4486440,4,16,3,68.6,12.7,56.8959154,60.6143715,0,2,620000.0,540734.0,66.0,1654993.0,,
2021-01-01,1520000,5,10,1,33.0,10.0,59.1890518,39.9323019,4,0,160033.0,,35.0,,,
2021-01-01,4577667,23,25,4,86.42,0.0,54.6321466,39.6928277,0,2,390013.0,428357.0,62.0,2072328.0,,
2021-01-01,7215126,12,15,1,38.8,16.4,55.590612,37.446138,0,2,,587420.0,77.0,2837707.0,,
2021-01-01,2900000,5,7,2,90.0,-100.0,42.979927,47.461823,4,0,367027.0,,5.0,,,
2021-01-01,5200000,9,10,-1,68.6,7.1,55.125896,82.894414,4,2,630040.0,579548.0,54.0,1627459.0,,
2021-01-01,2500000,3,11,1,44.0,0.0,52.5993402,39.5682171,0,0,398024.0,,48.0,,,
2021-01-01,2450000,16,18,1,37.21,-100.0,45.013122,39.008272,0,0,350040.0,334498.0,23.0,1409668.0,,
2021-01-01,7477317,3,14,1,41.4,19.4,55.590612,37.446138,0,2,,587420.0,77.0,2837707.0,,
2021-01-01,900000,1,3,1,37.0,-100.0,45.9643212,40.6578709,4,0,353021.0,501291.0,23.0,645104.0,,
2021-01-01,7557764,5,14,1,41.4,19.4,55.590612,37.446138,0,2,,587420.0,77.0,2837707.0,,
2021-01-01,3450000,1,10,-1,42.8,1.0,55.125896,82.894414,4,2,630040.0,579548.0,54.0,1627459.0,,
2021-01-01,4250000,5,8,2,54.6,13.5,55.125896,82.894414,4,2,630040.0,579548.0,54.0,1627459.0,,
2021-01-01,17140000,2,9,3,61.4,6.5,55.740456,37.56735,4,0,121059.0,287577.0,77.0,1038722.0,,
2021-01-01,7814056,12,14,1,41.3,19.1,55.590612,37.446138,0,2,,587420.0,77.0,2837707.0,,
2021-01-01,3600000,4,8,-1,41.8,3.9,55.125896,82.894414,4,2,630040.0,579548.0,54.0,1627459.0,,
2021-01-01,1350000,11,17,-1,19.6,3.0,54.934666,83.11958,0,0,630068.0,312570.0,54.0,2047558.0,,
2021-01-01,2100000,2,14,1,52.9,13.0,51.533557,46.034257,4,2,410000.0,,64.0,1179151.0,,
2021-01-01,3450000,2,10,-1,41.6,6.3,55.125896,82.894414,4,2,630040.0,579548.0,54.0,1627459.0,,
2021-01-01,2190000,3,9,3,64.4,8.0,48.6785456,44.4513446,2,0,400002.0,329938.0,34.0,2444154.0,,
2021-01-01,4900000,5,10,-1,68.6,7.1,55.125896,82.894414,4,2,630040.0,579548.0,54.0,1627459.0,,
2021-01-01,5800000,10,10,3,79.7,16.4,55.125896,82.894414,4,2,630040.0,579548.0,54.0,1627459.0,,
2021-01-01,9000000,7,12,3,113.5,0.0,54.516757,36.282433,0,0,248018.0,,40.0,,,
2021-01-01,400000,2,2,3,40.6,-100.0,56.0513023,60.176579,4,0,456818.0,,74.0,1259622.0,,
2021-01-01,1860000,2,3,2,40.0,7.0,57.5963172,39.8840237,4,0,150030.0,283945.0,76.0,1350750.0,,
2021-01-01,6600000,15,16,2,62.0,11.0,55.630367,38.0542662,3,0,140140.0,255723.0,50.0,1727236.0,,
2021-01-01,3570000,2,6,2,44.4,0.0,58.007685,56.223002,0,0,614068.0,,59.0,,,
2021-01-01,8546021,2,15,1,47.3,17.6,55.590612,37.446138,0,2,,587420.0,77.0,2837707.0,,
2021-01-01,1850000,10,21,-1,25.0,0.0,44.679269,37.77732,3,0,353925.0,,23.0,,,
2021-01-01,4830000,4,10,-1,70.7,5.2,55.125896,82.894414,4,2,630040.0,579548.0,54.0,1627459.0,,
2021-01-01,1450000,1,2,1,35.3,7.1,48.6908014,44.4712863,0,0,400120.0,,34.0,,,
2021-01-01,1975000,3,5,1,30.8,0.0,54.1518,37.59137,0,0,300026.0,,71.0,,,
2021-01-01,6144912,12,12,1,49.12,20.3,60.060873,30.403041,0,2,188660.0,,47.0,,,
2021-01-01,3600000,9,9,1,48.7,10.0,48.7256265,44.5270099,3,0,400050.0,574619.0,34.0,2147960.0,,
2021-01-01,1710720,12,17,-1,27.0,3.0,54.9883989,82.7836892,3,2,630121.0,148589.0,54.0,2314842.0,,
2021-01-01,3950000,1,9,2,51.0,9.0,50.5556839,36.5755049,2,0,308004.0,142358.0,31.0,2484431.0,,
2021-01-01,1490000,6,10,1,34.0,10.0,59.1890518,39.9323019,4,0,160033.0,,35.0,,,
2021-01-01,1050000,4,4,2,43.2,5.9,44.15814,133.25696,4,0,692337.0,,68.0,,,
2021-01-01,1499000,5,5,1,32.0,8.0,43.5060745,43.6461525,4,0,360024.0,150266.0,7.0,2145863.0,,
2021-01-01,4400000,1,10,-1,58.1,5.6,55.125896,82.894414,4,2,630040.0,579548.0,54.0,1627459.0,,
2021-01-01,1200000,8,8,2,54.0,-100.0,58.6281032,59.855919,4,0,624222.0,469994.0,66.0,1569097.0,,
2021-01-01,1975000,5,10,-1,21.9,-100.0,60.802338,30.1178839,4,2,188750.0,,47.0,2813621.0,,
2021-01-01,4870000,9,12,2,61.2,12.9,54.5786361,36.2568607,3,0,248012.0,325197.0,40.0,2406593.0,,
2021-01-01,1250000,6,10,-1,24.1,-100.0,55.0981614,61.4824773,2,0,454139.0,256024.0,74.0,2273703.0,,
2021-01-01,5150000,9,10,4,83.6,10.3,44.872946,37.3296834,2,0,353454.0,543620.0,23.0,2307522.0,,
2021-01-01,1600000,1,5,2,36.6,18.6,51.836534,55.123824,0,0,460038.0,,56.0,,,
2021-01-01,11750000,17,17,3,76.6,11.0,55.669064,37.767284,2,0,109559.0,145972.0,77.0,658899.0,,
2021-01-01,3450000,2,9,2,45.0,-100.0,55.0116976,82.951574,2,0,630009.0,306574.0,54.0,2499012.0,,
2021-01-01,1975000,2,2,3,52.2,7.3,56.8453617,35.8383495,6,0,170004.0,171437.0,69.0,2068809.0,,
2021-01-01,4100000,7,10,4,82.4,10.2,44.7416954,37.725431,2,0,353912.0,568636.0,23.0,1225004.0,,
2021-01-01,7366780,12,15,1,36.8,16.6,55.590612,37.446138,0,2,,587420.0,77.0,2837707.0,,
2021-01-01,4100000,5,9,3,64.3,8.5,44.6872421,37.7702574,2,0,353922.0,347807.0,23.0,694218.0,,
2021-01-01,2250000,9,17,1,46.4,15.5,51.8107347,55.1780985,2,0,460060.0,196648.0,56.0,2580934.0,,
2021-01-01,8195714,14,15,1,39.5,17.7,55.590612,37.446138,0,2,,587420.0,77.0,2837707.0,,
2021-01-01,16053459,4,9,4,93.9,18.0,55.590612,37.446138,0,2,,587420.0,77.0,2837707.0,,
2021-01-01,4800000,9,10,2,61.8,13.7,55.125896,82.894414,4,2,630040.0,579548.0,54.0,1627459.0,,
2021-01-01,4900000,8,10,-1,70.7,5.2,55.125896,82.894414,4,2,630040.0,579548.0,54.0,1627459.0,,
2021-01-01,6500000,7,14,2,57.0,8.1,55.6586907,37.2049024,2,0,143072.0,386296.0,50.0,1921879.0,,
2021-01-01,2950000,1,5,2,53.5,-100.0,57.1488086,65.4926527,4,0,625025.0,,72.0,,,
2021-01-01,1370000,3,3,2,37.8,5.0,48.794055,44.5836444,0,0,400065.0,,34.0,,,
2021-01-01,15495861,2,9,4,94.0,18.0,55.590612,37.446138,0,2,,587420.0,77.0,2837707.0,,
2021-01-01,6996766,10,16,1,38.8,16.4,55.590612,37.446138,0,2,,587420.0,77.0,2837707.0,,
2021-01-01,1850000,5,5,3,42.4,0.0,51.770405,55.11902,0,0,460024.0,,56.0,,,
2021-01-01,3300000,7,9,2,57.0,12.0,56.655857,124.7219033,2,0,678960.0,201418.0,14.0,1786420.0,,
2021-01-01,19856340,5,8,2,36.9,16.8,59.906273,30.31745,3,2,,,78.0,,,
2021-01-01,3672900,2,25,-1,19.8,5.1,55.701465,37.883626,2,2,140007.0,467353.0,50.0,2694227.0,,
2021-01-01,9270720,15,25,3,92.8,22.9,55.701465,37.883626,2,2,140007.0,467353.0,50.0,2694227.0,,
2021-01-01,2899000,3,9,4,87.0,9.0,54.6362847,39.7192688,5,0,390000.0,511485.0,62.0,1915097.0,,
2021-01-01,5200000,8,10,-1,68.3,5.0,55.125896,82.894414,4,2,630040.0,579548.0,54.0,1627459.0,,
2021-01-01,11966300,9,11,2,70.4,10.9,44.5011541,34.1728905,0,0,298600.0,456411.0,91.0,2515484.0,,
2021-01-01,4500000,7,9,3,62.0,7.0,44.6890581,37.7793166,5,0,353920.0,246582.0,23.0,1386987.0,,
2021-01-01,1850000,5,25,1,50.4,20.0,51.5034082,46.1579123,3,2,413106.0,193591.0,64.0,1282933.0,,
2021-01-01,4900000,6,10,-1,68.6,7.1,55.125896,82.894414,4,2,630040.0,579548.0,54.0,1627459.0,,
2021-01-01,4850000,3,10,-1,67.2,7.1,55.125896,82.894414,4,2,630040.0,579548.0,54.0,1627459.0,,
2021-01-01,4800000,3,10,-1,70.7,5.2,55.125896,82.894414,4,2,630040.0,579548.0,54.0,1627459.0,,
2021-01-01,4700000,1,10,-1,65.8,5.1,55.125896,82.894414,4,2,630040.0,579548.0,54.0,1627459.0,,
2021-01-01,1160000,3,6,1,34.0,8.0,54.2420862,49.5796926,2,0,433504.0,,73.0,,,
2021-01-01,13700000,12,25,1,57.0,12.5,55.748568,37.8612271,0,0,143965.0,,50.0,,,
2021-01-01,19121000,7,15,2,63.0,21.0,55.807658,37.635045,3,2,,412511.0,77.0,1503123.0,,
2021-01-01,7275600,14,16,1,21.5,-100.0,55.6023535,37.7335765,0,2,115583.0,,77.0,,,
2021-01-01,4550000,6,10,2,61.8,13.7,55.125896,82.894414,4,2,630040.0,579548.0,54.0,1627459.0,,
2021-01-01,5771500,9,11,1,33.0,0.0,44.5011541,34.1728905,0,0,298600.0,456411.0,91.0,2515484.0,,
2021-01-01,1840000,4,5,1,31.0,0.0,56.8772263,53.2765836,2,0,426053.0,177797.0,18.0,1104205.0,,
2021-01-01,4550000,7,10,2,61.8,13.7,55.125896,82.894414,4,2,630040.0,579548.0,54.0,1627459.0,,
2021-01-01,2090000,7,9,1,35.0,0.0,53.226192,44.921154,0,0,440060.0,,58.0,,,
2021-01-01,3400000,3,3,1,53.0,15.0,44.7503898,37.7156609,5,0,353960.0,,23.0,,,
2021-01-01,4800000,5,10,-1,68.3,5.0,55.125896,82.894414,4,2,630040.0,579548.0,54.0,1627459.0,,
2021-01-01,3300000,8,14,2,59.8,10.0,55.3123327,86.1065506,4,2,650040.0,,42.0,,,
2021-01-01,3700000,4,4,3,104.0,0.0,51.3015825,37.8975931,4,0,309511.0,301193.0,31.0,2005381.0,,
2021-01-01,4750000,2,10,-1,67.4,5.0,55.125896,82.894414,4,2,630040.0,579548.0,54.0,1627459.0,,
2021-01-01,5450000,2,10,3,79.7,16.4,55.125896,82.894414,4,2,630040.0,579548.0,54.0,1627459.0,,
2021-01-01,8457460,26,33,1,40.7,17.7,55.8813878,37.6354045,3,2,127081.0,571206.0,77.0,692874.0,,
2021-01-01,12624923,13,15,2,63.18,22.0,60.0123425,30.0017939,0,2,197755.0,335187.0,78.0,2537251.0,,
2021-01-01,7940640,18,33,1,42.6,12.4,55.8813878,37.6354045,3,2,127081.0,571206.0,77.0,692874.0,,
2021-01-01,11000000,2,9,3,55.1,6.0,55.807415,37.768148,0,0,105122.0,422233.0,77.0,2450261.0,,
2021-01-01,2950000,4,5,3,66.2,0.0,57.1766093,65.9244189,2,0,625512.0,574901.0,72.0,2381048.0,,
2021-01-01,940000,1,4,1,30.0,5.6,54.007016,38.3141058,4,0,301659.0,447920.0,71.0,638656.0,,
2021-01-01,2800000,3,3,1,42.0,12.0,52.2218984,104.2495058,5,0,664528.0,,38.0,2414329.0,,
2021-01-01,4830000,5,10,-1,70.7,5.2,55.125896,82.894414,4,2,630040.0,579548.0,54.0,1627459.0,,
2021-01-01,3200000,5,5,3,57.0,8.0,46.5669889,39.6330391,4,0,352030.0,457244.0,23.0,2211140.0,,
2021-01-01,3899295,16,17,-1,26.65,0.0,55.5639247,37.8255637,0,2,,,50.0,2266087.0,,
2021-01-01,3500000,3,10,-1,42.8,7.0,55.125896,82.894414,4,2,630040.0,579548.0,54.0,1627459.0,,
2021-01-01,4444265,4,17,1,38.09,12.9,55.5639247,37.8255637,0,2,,,50.0,2266087.0,,
2021-01-01,3100000,5,5,3,65.0,8.0,44.7328088,37.7343562,2,0,353921.0,545830.0,23.0,1480174.0,,
2021-01-01,7950000,5,5,3,136.0,16.4,56.751647,37.172206,3,0,141983.0,,50.0,,,
2021-01-01,5200000,10,10,-1,70.7,5.2,55.125896,82.894414,4,2,630040.0,579548.0,54.0,1627459.0,,
2021-01-01,3600000,7,10,1,44.0,10.0,54.6148857,39.6984189,4,0,390026.0,161921.0,62.0,1182653.0,,
2021-01-01,3500000,7,10,-1,43.3,7.0,55.125896,82.894414,4,2,630040.0,579548.0,54.0,1627459.0,,
2021-01-01,4450000,3,10,2,60.3,13.2,55.125896,82.894414,4,2,630040.0,579548.0,54.0,1627459.0,,
2021-01-01,1100000,3,4,2,42.0,6.5,57.5110915,38.3061219,4,0,152612.0,314377.0,76.0,814420.0,,
2021-01-01,2200000,1,5,2,44.3,6.0,53.6356275,55.9083538,4,0,453118.0,577493.0,2.0,682006.0,,
2021-01-01,7026807,6,15,1,38.9,16.5,55.590612,37.446138,0,2,,587420.0,77.0,2837707.0,,
2021-01-01,3500000,4,9,3,66.0,9.0,54.037113,38.27938,2,0,301670.0,,71.0,,,
2021-01-01,450000,3,3,1,12.0,0.0,60.0114316,30.3929327,4,0,195220.0,165977.0,78.0,1772087.0,,
2021-01-01,4450000,9,10,2,53.5,11.1,55.125896,82.894414,4,2,630040.0,579548.0,54.0,1627459.0,,
2021-01-01,4500000,5,5,2,47.0,9.0,53.057323,158.66818,0,0,683038.0,,41.0,,,
2021-01-01,4850000,2,10,-1,67.2,7.1,55.125896,82.894414,4,2,630040.0,579548.0,54.0,1627459.0,,
2021-01-01,750000,1,2,2,33.6,-100.0,51.8609168,107.7344471,6,0,670009.0,,3.0,,,
2021-01-01,4450000,2,10,2,60.3,13.2,55.125896,82.894414,4,2,630040.0,579548.0,54.0,1627459.0,,
2021-01-01,1200000,4,5,2,47.1,0.0,53.8291429,86.7603708,0,0,653017.0,507784.0,42.0,2472596.0,,
2021-01-01,27778000,22,32,3,86.0,0.0,55.6578148,37.5583584,0,2,117246.0,471256.0,77.0,1010750.0,,
2021-01-01,1200000,1,5,1,35.4,7.2,48.504824,44.478491,5,0,400022.0,441137.0,34.0,1728102.0,,
2021-01-01,28825000,12,12,2,115.3,-100.0,44.5511459,34.2883551,3,0,298645.0,465749.0,91.0,2171779.0,,
2021-01-01,8150000,3,5,2,44.7,5.7,55.6575975,37.7063314,2,0,109235.0,139499.0,77.0,2393861.0,,
2021-01-01,5650000,4,5,2,48.0,24.3,44.660756,37.756326,3,0,353993.0,440054.0,23.0,884838.0,,
2021-01-01,6966031,2,15,1,40.9,19.7,55.590612,37.446138,0,2,,587420.0,77.0,2837707.0,,
2021-01-01,2850000,1,5,3,67.4,0.0,43.3280257,45.7121438,0,0,364037.0,270162.0,20.0,771391.0,,
2021-01-01,8057070,1,17,2,60.9,17.1,60.039589,30.257666,0,2,197350.0,310946.0,78.0,1945615.0,,
2021-01-01,6823675,2,16,1,41.2,19.9,55.590612,37.446138,0,2,,587420.0,77.0,2837707.0,,
2021-01-01,2000000,8,10,1,45.0,13.0,52.35008,35.339455,2,0,307179.0,,46.0,,,
2021-01-01,8300000,3,12,5,140.7,10.0,59.759619,30.474277,2,0,196627.0,518897.0,78.0,1067114.0,,
2021-01-01,3300000,6,8,2,65.0,13.5,53.2701149,34.4056209,4,0,,,32.0,,,
2021-01-01,7040477,3,15,1,36.8,16.6,55.590612,37.446138,0,2,,587420.0,77.0,2837707.0,,
2021-01-01,4200000,6,25,1,47.0,11.0,53.21312,50.147976,0,0,443068.0,,63.0,,,
2021-01-01,4600000,3,17,1,43.4,12.1,55.6576846,37.9958715,3,0,140050.0,258330.0,50.0,2302432.0,,
2021-01-01,16950000,3,9,5,115.0,24.4,55.593136,37.448042,3,2,108814.0,,77.0,2770934.0,,
2021-01-01,2500000,5,9,1,32.0,6.0,51.654484,39.121593,0,0,394062.0,,36.0,,,
2021-01-01,4600000,13,25,1,42.0,12.0,56.8101686,60.5720257,3,0,620146.0,479275.0,66.0,1818471.0,,
2021-01-01,1200000,5,5,1,32.0,6.0,48.5084292,44.5720103,4,0,400080.0,367421.0,34.0,2698919.0,,
2021-01-01,2988000,13,19,-1,21.5,0.0,60.062687,30.425723,0,0,188662.0,435371.0,47.0,2751262.0,,
2021-01-01,10000000,19,22,3,74.84,12.4,55.3934239,37.7723097,2,0,142000.0,222032.0,50.0,2305707.0,,
2021-01-01,7255956,14,15,1,38.6,16.3,55.590612,37.446138,0,2,,587420.0,77.0,2837707.0,,
2021-01-01,3600000,10,17,2,60.0,-100.0,45.148416,38.999702,0,0,350031.0,,23.0,,,
2021-01-01,4200000,1,10,-1,49.0,9.9,55.125896,82.894414,4,2,630040.0,579548.0,54.0,1627459.0,,
2021-01-01,2600000,1,20,1,24.4,-100.0,45.070848,39.040091,0,0,350901.0,287609.0,23.0,1716369.0,,
2021-01-01,3000000,15,19,1,39.6,-100.0,57.1895336,65.6168308,0,0,625029.0,165032.0,72.0,803601.0,,
2021-01-01,2720000,2,5,2,44.0,0.0,56.0342093,92.780327,2,0,660113.0,452592.0,24.0,926274.0,,
2021-01-01,4850000,1,10,-1,70.7,5.2,55.125896,82.894414,4,2,630040.0,579548.0,54.0,1627459.0,,
2021-01-01,2500000,3,9,1,27.8,7.2,56.8929555,60.5946566,2,0,620143.0,514418.0,66.0,619512.0,,
2021-01-01,12516290,6,33,2,72.1,21.3,55.4846387,37.3067639,3,2,108840.0,,77.0,2377550.0,,
2021-01-01,5212720,8,27,3,56.7,-100.0,54.736231,55.9939425,3,2,450097.0,226475.0,2.0,2406962.0,,
2021-01-01,9292800,15,15,1,36.3,9.8,55.8832028,37.6355327,3,2,127081.0,571206.0,77.0,2823020.0,,
2021-01-01,1390000,5,5,1,29.0,0.0,55.1701585,61.4639487,4,0,454085.0,333894.0,74.0,1121647.0,,
2021-01-01,4600000,1,10,4,77.0,8.0,44.9308822,34.1007958,5,0,295048.0,206009.0,91.0,2042641.0,,
2021-01-01,6550000,8,10,2,78.0,0.0,44.5755141,33.4603332,2,0,299006.0,450813.0,92.0,709080.0,,
2021-01-01,5899000,7,17,1,38.5,8.4,55.9105782,37.7363579,0,0,141008.0,,50.0,,,
2021-01-01,4550000,4,13,2,63.0,26.0,45.072351,38.951696,3,0,350062.0,172381.0,23.0,848077.0,,
2021-01-01,4150000,3,9,2,50.7,8.6,54.9823999,82.8616254,4,0,630054.0,266605.0,54.0,755185.0,,
2021-01-01,1350000,4,6,1,44.0,12.0,45.0401604,38.9759647,0,0,350087.0,457110.0,23.0,2682333.0,,
2021-01-01,1820000,5,5,2,44.3,5.0,48.7966352,44.3553083,0,0,400036.0,,34.0,,,
2021-01-01,8489010,7,9,3,84.3,20.0,55.7540471,37.620405,2,2,,,77.0,1099463.0,,
2021-01-01,2100000,2,14,-1,10.0,2.0,55.745418,37.8726843,2,0,111672.0,349581.0,77.0,1841439.0,,
2021-01-01,8305020,9,9,3,77.4,17.5,55.7540471,37.620405,2,2,,,77.0,1099463.0,,
2021-01-01,4550000,5,10,2,61.5,12.7,55.125896,82.894414,4,2,630040.0,579548.0,54.0,1627459.0,,
2021-01-01,5500000,5,9,4,80.0,9.0,51.716743,39.178584,2,0,394077.0,125005.0,36.0,933491.0,,
2021-01-01,3450000,1,9,-1,16.9,2.0,55.623768,37.719486,2,0,115563.0,356006.0,77.0,1864623.0,,
2021-01-01,1700000,6,9,1,35.0,8.5,56.1106095,40.2786852,4,0,600901.0,183780.0,33.0,1286886.0,,
2021-01-01,7700000,6,10,3,113.6,19.6,54.9047714,52.2701861,4,0,423403.0,417547.0,16.0,969730.0,,
2021-01-01,8463200,1,5,2,86.16,33.1,59.7560585,30.3664497,0,2,196626.0,385929.0,78.0,1668735.0,,
2021-01-01,4900000,9,10,-1,70.7,5.2,55.125896,82.894414,4,2,630040.0,579548.0,54.0,1627459.0,,
2021-01-01,1250000,3,3,3,60.0,10.0,54.245686,49.571976,4,0,433515.0,,73.0,,,
2021-01-01,2197000,9,11,2,59.0,10.0,51.5034082,46.1579123,3,2,413106.0,193591.0,64.0,1282933.0,,
2021-01-01,8000000,1,4,3,61.0,-100.0,43.4764253,39.9024211,3,0,354340.0,167461.0,23.0,977857.0,,
2018-02-19,6050000,8,10,3,82.6,10.8,59.8058084,30.376141,1,1,,,,,20:00:21,2661.0
2018-02-27,8650000,5,24,2,69.1,12.0,55.683807,37.297405,3,1,,,,,12:04:54,81.0
2018-02-28,4000000,5,9,3,66.0,10.0,56.29525,44.061637,1,1,,,,,15:44:00,2871.0
2018-03-01,1850000,12,16,2,38.0,5.0,44.996132,39.074783,4,11,,,,,11:24:52,2843.0
2018-03-01,5450000,13,14,2,60.0,10.0,55.918767,37.984642,3,1,,,,,17:42:43,81.0
2018-03-02,3300000,4,5,1,32.0,6.0,55.908253,37.726448,1,1,,,,,21:18:42,81.0
2018-03-04,4704280,1,25,1,31.7,6.0,55.6210965,37.4310016,2,11,,,,,12:35:25,3.0
2018-03-04,3600000,2,5,1,31.1,6.0,59.8755262,30.3954571,1,1,,,,,20:52:38,2661.0
2018-03-05,3390000,4,24,2,64.0,13.0,53.1950306,50.1069518,2,11,,,,,07:07:05,3106.0
2018-03-06,2800000,9,10,2,55.0,8.0,55.7369718,38.8464565,1,1,,,,,09:57:10,81.0
2018-03-06,6909880,9,14,3,76.1,8.8,55.9139498,37.7077118,1,11,,,,,18:34:48,81.0
2018-03-06,4291950,10,14,1,40.3,11.0,55.9139498,37.7077118,1,11,,,,,18:37:27,81.0
2018-03-06,6675840,25,25,3,73.2,12.4,55.9139498,37.7077118,1,11,,,,,18:37:28,81.0
2018-03-06,6522650,5,14,3,68.3,12.1,55.9139498,37.7077118,1,11,,,,,18:37:35,81.0
2018-03-06,6522650,7,14,3,68.3,12.1,55.9139498,37.7077118,1,11,,,,,18:37:40,81.0
2018-03-06,4279770,7,15,1,36.3,16.6,55.7817155,37.8566559,2,11,,,,,18:40:08,81.0
2018-03-12,4550000,6,10,2,54.2,11.4,55.738846,49.225437,3,1,,,,,12:37:08,2922.0
2018-03-15,2880000,8,10,2,51.0,8.0,55.7349712,52.3663848,1,1,,,,,14:38:45,2922.0
2018-03-16,1450000,9,10,1,43.0,9.0,45.069785,41.935019,1,1,,,,,14:51:58,2900.0
2018-03-16,1650000,5,5,2,51.0,7.0,44.9943012,41.1228103,3,1,,,,,16:21:54,2843.0
2018-03-17,8000000,5,9,2,45.0,6.0,55.738876,37.82537,1,1,,,,,06:46:32,3.0
2018-03-17,2250000,2,5,2,46.0,6.0,54.8155661,56.12556,1,1,,,,,09:05:06,2722.0
2018-03-20,3843000,16,25,2,61.0,11.0,56.3460273,43.8716477,2,11,,,,,14:44:11,2871.0
2018-03-20,2697200,6,25,1,44.0,20.0,56.3460273,43.8716477,2,11,,,,,14:44:11,2871.0
2018-03-20,4214700,16,25,2,67.0,20.0,56.3460273,43.8716477,2,11,,,,,14:44:11,2871.0
2018-03-20,3773700,12,25,2,60.0,12.0,56.3460273,43.8716477,2,11,,,,,14:44:11,2871.0
2018-03-25,950000,2,5,1,32.0,10.0,58.6930479,59.485351,3,1,,,,,14:55:54,6171.0
2018-03-30,5300000,2,5,3,75.0,9.0,54.88528,38.080196,3,1,,,,,12:08:09,81.0
2018-04-02,4600000,17,17,1,37.0,12.5,55.7078344,37.9596388,2,1,,,,,15:09:38,81.0
2018-04-03,11500000,14,16,3,64.9,8.0,55.7989215,37.7380901,1,1,,,,,17:40:53,3.0
2018-04-04,3500000,5,10,3,65.0,12.0,47.2250854,39.6235866,1,1,,,,,13:38:26,3230.0
2018-04-04,9000000,6,10,4,112.0,11.0,56.3112475,44.0271172,3,1,,,,,15:45:29,2871.0
2018-04-04,2500000,2,8,-1,25.0,5.0,43.634694,39.727167,2,1,,,,,19:37:22,2843.0
2018-04-05,2800000,5,5,2,47.0,8.0,55.9428756,37.9764623,1,1,,,,,20:25:27,81.0
2018-04-07,10200000,7,14,2,52.8,10.0,55.655307,37.6146053,2,1,,,,,15:23:20,3.0
2018-04-09,2370000,5,5,2,47.0,6.0,61.657787,50.831367,1,1,,,,,15:55:58,4417.0
2018-04-10,3200000,7,9,1,31.0,7.0,59.827465,30.201827,1,1,,,,,16:10:12,2661.0
2018-04-11,3160000,13,16,2,56.0,11.0,55.172116,61.279772,3,11,,,,,15:58:47,5282.0
2018-04-14,2750000,5,5,2,44.0,6.0,54.8937452,38.0750844,1,1,,,,,15:29:34,81.0
2018-04-14,3350000,9,9,3,56.0,7.0,54.8827186,38.0619832,1,1,,,,,15:29:34,81.0
2018-04-14,2500000,4,9,1,33.0,6.0,54.886223,38.08271,3,1,,,,,15:29:34,81.0
2018-04-14,2200000,5,5,2,48.0,10.0,54.876962,38.155205,1,1,,,,,15:29:36,81.0
2018-04-14,4400000,11,14,2,54.0,9.0,54.8868571,38.0583764,3,1,,,,,15:29:37,81.0
2018-04-18,4250000,5,9,2,70.0,13.0,55.577999,39.517491,3,1,,,,,21:46:21,81.0
2018-04-18,11500000,14,17,1,42.0,12.0,55.70133,37.507412,1,1,,,,,21:52:41,3.0
2018-04-20,2350000,1,2,3,60.0,6.2,52.550984,103.882608,4,1,,,,,08:36:31,5368.0
2018-04-23,2600000,3,5,2,46.0,8.0,45.003174,39.079931,4,1,,,,,09:53:29,2843.0
2018-04-23,6500000,3,3,3,89.0,10.0,59.9883341,29.7869278,3,1,,,,,11:47:58,2661.0
2018-04-23,3750000,3,10,3,66.0,8.5,56.245607,43.8239587,3,1,,,,,12:59:41,2871.0
2018-04-25,3380000,18,25,1,35.0,11.5,59.90024,30.520711,3,1,,,,,00:02:27,3446.0
2018-04-25,2220000,2,18,1,49.5,16.4,45.002575,39.083183,3,1,,,,,09:22:20,2843.0
2018-04-25,1200000,5,5,2,40.7,5.5,55.4329286,42.5127293,3,11,,,,,17:01:13,2871.0
2018-04-28,3250000,2,4,1,42.0,8.0,47.2322363,39.7273503,3,1,,,,,10:19:50,3230.0
2018-04-28,6500000,16,22,3,81.0,14.0,55.8760589,37.3882166,1,11,,,,,12:55:44,81.0
2018-04-28,6300000,5,5,2,99.9,14.5,59.9116217,30.2845562,3,1,,,,,17:47:24,2661.0
2018-04-30,2500000,3,5,3,59.0,6.0,57.9897,56.193996,3,1,,,,,19:14:08,5520.0
2018-05-01,20900000,6,10,3,80.0,8.2,55.730785,37.631424,3,1,,,,,13:33:09,3.0
2018-05-04,1450000,4,4,2,44.0,6.0,53.2419091,83.7046163,3,1,,,,,05:38:11,6817.0
2018-05-11,3650000,1,9,5,97.8,11.0,56.3861027,61.9263927,1,1,,,,,10:24:21,6171.0
2018-05-12,12000000,4,9,3,64.9,7.0,55.627136,37.591736,1,1,,,,,21:08:19,3.0
2018-05-14,1380000,2,3,3,67.0,9.0,56.7714397,61.3265371,3,1,,,,,13:08:20,6171.0
2018-05-14,1650000,5,5,2,45.5,6.0,56.1443201,44.1946326,3,1,,,,,14:36:10,2871.0
2018-05-16,2200000,4,5,1,31.0,6.0,54.8934613,38.0789395,3,1,,,,,11:09:14,81.0
2018-05-16,4550000,2,16,2,56.5,11.0,55.9589987,38.035054,1,1,,,,,11:32:28,81.0
2018-05-16,4800000,2,5,4,109.0,11.0,51.8065028,107.6587536,3,1,,,,,15:24:56,9579.0
2018-05-19,1150000,3,9,1,23.0,5.0,57.64913,39.946823,1,1,,,,,14:40:22,2604.0
2018-05-22,7100000,7,12,3,69.0,11.0,60.0111721,30.2437953,3,1,,,,,11:26:47,2661.0
2018-05-24,2350000,9,10,1,38.0,6.0,47.228601,39.703883,3,1,,,,,13:53:59,3230.0
2018-05-26,2350000,7,17,1,44.0,12.0,60.061924,30.4731417,2,11,,,,,20:15:51,3446.0
2018-05-26,8500000,14,14,2,60.0,11.0,59.8491039,30.3141123,3,1,,,,,21:20:25,2661.0
2018-05-28,1050000,4,5,1,25.0,6.0,63.5659569,53.6612008,1,1,,,,,14:49:22,4417.0
2018-05-29,1500000,2,5,2,44.0,6.0,54.524271,52.807177,1,1,,,,,20:34:52,2922.0
2018-05-29,3468912,11,20,2,63.3,12.8,55.4508833,37.5420696,3,11,,,,,23:50:20,81.0
2018-05-30,2700000,3,5,3,59.0,6.0,45.0821634,39.1996631,1,1,,,,,19:27:04,2843.0
2018-05-31,2400000,4,5,4,58.0,5.6,56.8757566,53.291533,1,1,,,,,12:31:40,1010.0
2018-06-02,2450000,4,5,3,67.0,7.6,56.4964303,60.2373511,3,1,,,,,13:02:33,6171.0
2018-06-02,3830000,2,17,1,44.9,16.5,59.9814905,30.3717295,2,11,,,,,13:27:09,2661.0
2018-06-04,3590000,3,15,1,36.0,11.3,55.9493208,37.1802937,2,1,,,,,12:36:14,81.0
2018-06-04,2980000,7,9,2,52.0,12.0,65.9890409,57.5406513,1,1,,,,,21:48:53,4417.0
2018-06-05,2750000,5,5,1,32.0,6.0,55.7403214,38.0228009,3,1,,,,,13:41:12,81.0
2018-06-07,6800000,4,9,3,97.0,30.0,43.4847646,43.5942119,4,1,,,,,02:15:15,9648.0
2018-06-07,13825000,7,7,2,197.5,14.8,55.888657,37.4303702,3,11,,,,,08:59:31,81.0
2018-06-07,4000000,11,14,2,66.0,10.6,55.7770621,49.2167663,2,11,,,,,14:11:48,2922.0
2018-06-08,3800000,5,19,2,60.0,12.0,45.067703,38.954166,3,1,,,,,14:49:04,2843.0
2018-06-09,4630000,3,17,3,91.1,20.0,56.865892,53.2352957,3,11,,,,,11:01:44,1010.0
2018-06-09,4300000,7,17,3,85.0,28.7,56.865892,53.2352957,3,11,,,,,11:09:19,1010.0
2018-06-12,3500000,5,9,3,84.0,14.0,55.6511052,51.7998882,1,1,,,,,12:09:54,2922.0
2018-06-12,1150000,2,2,3,53.0,8.5,61.6726395,50.7817356,5,1,,,,,14:22:07,4417.0
2018-06-12,2180000,4,5,2,52.6,9.0,46.049551,38.166542,3,1,,,,,23:42:28,2843.0
2018-06-13,5300000,4,9,2,60.0,10.0,55.5799788,38.2485275,3,1,,,,,10:40:59,81.0
2018-06-13,4200000,3,17,1,43.0,13.6,55.5752478,38.2531333,3,1,,,,,11:05:52,81.0
2018-06-18,1500000,2,2,2,40.0,6.0,54.8886973,38.6052049,3,1,,,,,13:01:53,81.0
2018-06-20,5750000,8,9,1,32.0,6.0,55.704428,37.766989,1,1,,,,,15:52:13,3.0
2018-06-22,1350000,1,5,1,38.5,11.0,56.3491983,30.5329775,1,1,,,,,14:26:40,7793.0
2018-06-25,1650000,3,4,3,76.0,6.0,56.3891952,61.9614227,3,1,,,,,08:22:14,6171.0
2018-06-25,5350000,8,19,2,82.0,12.0,47.2318203,39.7086225,3,11,,,,,12:11:49,3230.0
2018-06-27,5200000,5,9,2,73.0,16.0,55.5065146,37.9481675,1,1,,,,,15:09:04,81.0
2018-06-28,11535000,15,24,3,80.9,14.0,55.7244072,37.7409377,1,1,,,,,17:08:39,3.0
2018-06-29,3900000,3,4,2,52.6,8.8,59.9992721,29.7702254,3,1,,,,,22:52:08,2661.0
2018-06-30,3400000,4,5,2,43.9,7.0,56.0944479,37.5039916,1,1,,,,,23:16:17,81.0
2018-07-02,2290000,9,22,1,44.0,10.0,47.1974908,39.6263036,3,1,,,,,14:53:43,3230.0
2018-07-02,1300000,4,5,1,35.0,10.0,43.0208992,44.652087,3,1,,,,,15:59:26,13919.0
2018-07-03,1080000,1,2,2,42.0,6.0,55.4004556,86.0184299,3,1,,,,,07:34:59,2860.0
2018-07-03,5500000,6,12,3,84.0,23.0,45.019793,39.039489,4,1,,,,,12:45:42,2843.0
2018-07-03,1000000,2,3,1,40.0,12.0,45.1028818,38.6376167,1,1,,,,,15:35:00,2843.0
2018-07-03,2900000,11,17,1,44.0,14.0,45.0623092,38.9657259,3,11,,,,,16:24:01,2843.0
2018-07-04,4500000,1,6,3,68.0,8.3,59.8703882,29.8671938,1,1,,,,,10:52:34,2661.0
2018-07-04,1200000,2,5,2,43.7,5.6,65.1328754,57.1568845,3,1,,,,,11:11:07,4417.0
2018-07-05,2040000,9,9,3,63.0,8.0,58.0208111,38.848565,1,1,,,,,14:37:09,2604.0
2018-07-09,2200000,3,16,2,74.0,14.0,56.128531,47.344013,3,11,,,,,13:19:37,3019.0
2018-07-09,2350000,5,9,2,47.0,8.4,56.0787168,54.235706,3,1,,,,,13:41:50,2722.0
2018-07-09,6680000,2,5,2,59.0,8.0,59.892994,30.4140096,3,1,,,,,21:30:29,2661.0
2018-07-10,2150000,5,5,1,32.0,6.0,59.9125233,29.7812802,3,1,,,,,10:01:55,2661.0
2018-07-11,3100000,8,10,1,39.6,8.8,55.7362897,49.1002256,1,1,,,,,16:47:23,2922.0
2018-07-12,2900000,2,9,1,37.5,9.0,56.334567,38.142952,3,1,,,,,12:52:00,81.0
2018-07-13,1350000,4,5,1,33.0,7.0,57.6215477,39.8977411,3,1,,,,,16:20:50,2604.0
2018-07-13,2600000,1,5,3,63.0,9.0,46.6861046,38.2920057,3,1,,,,,16:29:05,2843.0
2018-07-16,7101000,3,25,2,63.8,13.0,59.8513073,30.0216431,3,1,,,,,21:07:14,2661.0
2018-07-17,3900000,3,4,1,47.0,11.0,56.0666344,37.3794319,4,1,,,,,01:10:31,81.0
2018-07-17,6990000,1,5,2,44.0,6.0,55.7238127,37.4347638,3,1,,,,,12:50:34,3.0
2018-07-19,1000000,1,5,2,23.0,5.0,56.874725,53.239742,3,1,,,,,09:49:05,1010.0
2018-07-20,3300000,6,9,4,74.0,10.0,47.1383299,39.7507179,3,1,,,,,16:26:10,3230.0
2018-07-22,1590000,1,3,1,38.0,11.0,47.2745017,38.9277634,3,1,,,,,09:14:37,3230.0
2018-07-22,5500000,13,17,2,63.0,10.0,55.4951868,37.5543618,2,1,,,,,23:00:02,3.0
2018-07-26,2050000,6,9,3,61.0,9.0,55.10736,61.616595,3,1,,,,,07:38:12,5282.0
2018-07-26,1950000,9,9,1,45.0,14.0,56.6496542,47.897717,3,11,,,,,13:59:57,4982.0
2018-07-27,1350000,4,5,2,42.0,5.0,56.7990297,59.9012546,1,1,,,,,09:59:55,6171.0
2018-07-27,2430000,10,17,1,51.0,20.0,45.0648634,39.0371658,2,1,,,,,11:13:53,2843.0
2018-07-27,2400000,1,9,2,55.0,10.0,43.504688,43.627886,3,1,,,,,11:54:05,9648.0
2018-07-27,2700000,4,5,3,62.0,6.0,47.2367538,39.8040792,3,1,,,,,12:48:28,3230.0
2018-07-27,1320000,2,2,2,39.0,4.2,54.1864545,45.1459586,3,1,,,,,20:50:22,5241.0
2018-07-29,4000000,4,9,4,64.0,8.0,56.7607948,60.701983,1,1,,,,,11:43:02,6171.0
2018-07-29,6390000,9,10,3,72.4,8.7,59.9230199,30.4489763,1,1,,,,,15:38:03,2661.0
2018-07-30,3700000,13,14,2,56.6,8.1,55.3999414,37.768844,1,1,,,,,15:59:39,81.0
2018-07-30,8280000,10,10,2,64.5,9.9,59.919874,30.371959,2,1,,,,,16:00:13,2661.0
2018-07-31,2991978,1,5,-1,23.6,4.6,59.7009509,30.3958856,1,11,,,,,10:33:09,2661.0
2018-07-31,5800000,6,14,1,47.1,12.0,60.022958,30.370369,2,1,,,,,10:33:17,2661.0
2018-07-31,1980000,5,5,2,54.3,8.4,59.454253,29.5000055,1,1,,,,,14:34:28,3446.0
2018-07-31,3150000,2,4,3,76.6,9.0,58.631363,59.7853588,4,1,,,,,20:46:50,6171.0
2018-08-01,2600000,4,5,3,69.0,9.0,56.1205946,93.331962,1,1,,,,,09:18:43,3870.0
2018-08-01,2350000,3,7,1,44.0,11.0,43.4923108,43.5935978,3,1,,,,,10:50:24,9648.0
2018-08-01,10499000,6,23,4,110.0,12.0,55.8863052,37.4326773,1,1,,,,,11:31:39,81.0
2018-08-02,2600000,1,4,1,42.0,11.0,57.6073975,39.8395594,3,1,,,,,09:30:45,2604.0
2018-08-03,2220000,2,3,2,44.0,7.0,53.3354981,83.7882999,3,1,,,,,09:15:28,6817.0
2018-08-03,1250000,3,5,1,32.0,6.0,56.7439851,38.881941,3,1,,,,,10:57:36,2604.0
2018-08-03,3100000,3,5,3,57.0,6.0,56.3062548,38.1502661,3,1,,,,,12:13:13,81.0
2018-08-03,2400000,2,6,1,50.0,14.0,44.0289752,43.0534628,3,1,,,,,12:41:19,2900.0
2018-08-03,1150000,4,6,1,38.0,9.0,45.084112,39.020193,3,1,,,,,15:06:10,2843.0
2018-08-04,5399940,2,16,2,60.2,11.2,55.7029452,37.8871138,1,11,,,,,07:39:22,81.0
2018-08-04,5904800,25,25,2,67.1,10.7,55.6968448,37.9073245,1,11,,,,,07:43:24,81.0
2018-08-04,8806100,5,24,2,53.5,18.5,55.87287,37.59311,1,11,,,,,07:43:24,3.0
2018-08-04,5969650,23,25,2,66.7,11.4,55.6968448,37.9073245,1,11,,,,,07:43:27,81.0
2018-08-04,4235680,25,25,1,36.8,9.3,55.6968448,37.9073245,1,11,,,,,07:43:29,81.0
2018-08-04,8677850,2,14,3,88.1,10.6,55.915306,37.720106,2,11,,,,,09:37:24,81.0
2018-08-07,3600000,4,6,1,57.7,9.3,55.8257648,49.0725279,3,1,,,,,16:41:30,2922.0
2018-08-08,2420000,2,17,2,54.0,13.0,56.109963,92.913702,3,11,,,,,10:32:32,3870.0
2018-08-08,2650000,9,9,4,79.0,9.0,58.234476,68.274701,1,1,,,,,16:08:22,3991.0
2018-08-08,13700000,12,12,2,65.0,12.0,55.6388284,37.5384822,1,1,,,,,17:07:12,3.0
2018-08-09,3100000,3,5,3,64.0,8.0,43.48278,43.574858,3,1,,,,,10:27:23,9648.0
2018-08-10,10272240,3,8,2,78.0,15.6,59.9391313,30.3159004,2,11,,,,,12:45:28,2661.0
2018-08-10,4100000,4,10,2,67.0,10.6,59.9305317,30.6205086,1,1,,,,,12:56:21,3446.0
2018-08-11,3500000,3,5,3,64.0,11.0,47.23871,39.8082432,3,1,,,,,06:46:31,3230.0
2018-08-12,1950000,1,9,1,40.0,8.0,56.2318163,43.4362229,3,1,,,,,20:01:49,2871.0
2018-08-12,2750000,14,27,1,36.0,9.3,60.0393986,30.4494963,3,1,,,,,21:00:59,3446.0
2018-08-13,4458000,4,17,2,61.2,11.9,55.5396746,37.7167903,1,11,,,,,10:03:59,81.0
2018-08-13,6332000,7,9,3,96.7,16.6,55.5633379,37.851372,2,11,,,,,10:04:00,81.0
2018-08-13,5158890,1,6,1,60.1,11.1,55.7485953,37.9252958,2,11,,,,,10:43:29,81.0
2018-08-13,3750000,6,10,1,42.5,10.6,55.5774674,38.2052556,3,1,,,,,20:00:52,81.0
2018-08-13,3690000,6,10,1,43.0,11.0,55.5774674,38.2052556,2,1,,,,,23:47:42,81.0
2018-08-14,9500000,17,17,2,50.9,8.5,55.629221,37.518542,1,1,,,,,01:46:17,3.0
2018-08-14,2730000,3,9,2,54.0,10.0,55.7659045,52.4191332,1,1,,,,,07:41:49,2922.0
2018-08-14,3445000,5,12,1,34.0,7.0,43.403842,40.003363,2,11,,,,,18:31:05,2843.0
2018-08-15,2700000,3,5,2,45.0,31.0,59.5717476,30.1194336,3,1,,,,,15:57:53,3446.0
2018-08-16,1200000,1,5,2,46.0,7.0,53.087794,91.410785,1,1,,,,,12:06:07,2359.0
2018-08-16,6800000,1,14,3,68.0,9.0,55.6832456,37.8689023,1,1,,,,,12:27:34,81.0
2018-08-18,3750000,4,5,3,50.5,6.2,55.4115543,36.7162291,3,1,,,,,07:39:01,81.0
2018-08-22,1200000,2,5,1,28.0,5.0,56.9086605,59.942029,1,1,,,,,08:30:21,6171.0
2018-08-23,4200000,15,18,2,65.0,13.0,45.053582,39.031826,3,1,,,,,11:23:45,2843.0
2018-08-23,2550000,7,16,1,39.7,10.0,45.026138,39.018226,3,1,,,,,13:26:39,2843.0
2018-08-23,2100000,8,9,3,70.0,7.0,56.493675,38.181607,1,1,,,,,16:12:05,81.0
2018-08-23,1350000,3,5,1,33.0,9.0,44.7689895,39.8649958,3,1,,,,,22:40:48,2843.0
2018-08-25,2600000,7,9,3,60.0,10.0,54.1709324,45.1423289,3,1,,,,,02:52:47,5241.0
2018-08-25,2960000,4,16,2,58.0,10.0,45.063699,39.036884,1,1,,,,,13:01:31,2843.0
2018-08-26,2550000,18,20,1,43.0,12.0,45.133927,39.008272,3,11,,,,,18:34:07,2843.0
2018-08-26,1110000,1,3,1,36.0,8.3,53.5292897,49.17818,4,1,,,,,19:45:13,3106.0
2018-08-27,2850000,12,25,3,91.0,18.0,44.99311,39.068316,2,11,,,,,10:52:24,2843.0
2018-08-27,2160000,2,5,1,31.0,6.5,55.8116984,49.195913,3,1,,,,,11:46:08,2922.0
2018-08-27,2500000,3,5,2,44.0,6.0,55.7649561,38.4460706,1,1,,,,,13:02:23,81.0
2018-08-27,4368880,13,17,1,38.8,7.4,55.7042711,37.9420436,1,11,,,,,13:09:09,3.0
2018-08-27,1750000,1,5,1,38.0,8.0,43.9172201,42.7080805,3,1,,,,,14:57:20,2900.0
2018-08-28,3300000,18,24,2,63.0,11.0,45.0725309,39.0384593,3,1,,,,,12:02:58,2843.0
2018-08-28,4990000,8,9,3,60.0,6.0,59.8262216,30.207174,1,1,,,,,16:00:02,2661.0
2018-08-28,2100000,8,9,1,35.2,12.0,54.7393328,83.058362,3,1,,,,,18:52:04,9654.0
2018-08-29,2190000,9,12,2,48.5,16.5,45.1054739,38.9697956,2,11,,,,,09:29:44,2843.0
2018-08-29,2490000,4,5,2,46.0,7.0,45.020991,39.045768,1,1,,,,,13:37:37,2843.0
2018-08-29,7500000,1,9,2,76.0,15.0,43.626335,39.698437,2,1,,,,,14:40:58,2843.0
2018-08-29,10550000,6,15,3,77.0,10.0,55.4846387,37.3067639,1,1,,,,,18:44:37,3.0
2018-08-30,8037466,16,17,3,84.6,10.0,55.7042711,37.9420436,1,11,,,,,10:42:05,3.0
2018-08-30,1750000,5,16,1,39.2,10.0,45.09787,39.005326,2,1,,,,,11:41:49,2843.0
2018-08-30,6217920,2,17,2,61.2,12.6,55.7042711,37.9420436,1,11,,,,,12:52:35,3.0
2018-08-30,1690000,7,8,2,51.0,10.0,47.52453,42.193382,1,1,,,,,14:26:50,3230.0
2018-08-30,4800000,8,19,1,35.7,9.3,59.8615511,30.3427614,3,1,,,,,14:45:34,2661.0
2018-08-30,6380000,5,9,2,49.0,8.0,59.9489239,30.2421301,3,1,,,,,14:54:02,2661.0
2018-08-30,4900000,7,9,2,50.0,9.0,59.9153024,30.4816295,4,1,,,,,15:08:37,2661.0
2018-08-30,3200000,23,24,1,33.0,10.0,59.918065,30.505386,2,1,,,,,15:14:07,3446.0
2018-08-30,6950000,3,4,1,48.6,12.0,55.8792639,37.3137409,2,1,,,,,16:43:06,81.0
2018-08-30,2700000,5,5,1,41.0,12.0,47.199913,39.654817,3,1,,,,,17:57:18,3230.0
2018-08-30,5000000,2,4,3,72.1,7.6,59.9898689,29.7881002,3,1,,,,,20:57:17,2661.0
2018-08-31,3490000,5,5,3,60.8,6.0,56.8977241,60.5733406,3,1,,,,,09:10:33,6171.0
2018-08-31,3735430,2,24,1,35.1,11.9,59.8498956,30.3536147,2,11,,,,,10:34:17,2661.0
2018-08-31,2250000,10,12,1,34.0,6.0,45.03433,38.905226,4,1,,,,,11:52:32,2843.0
2018-08-31,2750000,8,9,3,70.0,9.0,53.3442883,83.6632084,1,1,,,,,15:22:51,6817.0
2018-08-31,1000000,1,5,2,42.0,6.0,56.114403,47.4960436,3,1,,,,,15:30:03,3019.0
2018-08-31,1690000,1,5,2,45.0,9.0,51.3691544,42.1155192,3,1,,,,,15:33:12,2072.0
2018-08-31,2950000,2,5,1,33.4,7.0,55.859248,37.1266372,3,1,,,,,16:42:58,81.0
2018-08-31,1800000,3,3,2,57.0,9.0,55.3752075,39.0553288,4,11,,,,,17:58:30,81.0
2018-08-31,2153836,6,8,1,28.9,4.8,59.845437,30.115149,2,11,,,,,18:44:08,2661.0
2018-08-31,2149764,2,8,1,29.7,5.0,59.845437,30.115149,2,11,,,,,18:48:13,2661.0
2018-08-31,10470000,9,22,2,72.4,14.0,60.0135965,30.3883656,3,1,,,,,21:57:43,2661.0
2018-09-01,15800000,16,25,2,57.8,9.0,55.6807931,37.4845931,2,1,,,,,12:50:02,3.0
2018-09-01,3150000,4,17,2,53.0,8.5,55.802925,38.457947,2,1,,,,,12:58:41,81.0
2018-09-01,8771000,7,16,4,95.0,24.0,59.9215495,30.4336026,2,11,,,,,13:21:11,2661.0
2018-09-01,2650000,4,5,1,33.0,6.0,55.9634074,37.9126379,3,1,,,,,18:12:19,81.0
2018-09-02,7000000,8,22,1,38.1,10.0,55.552408,37.552157,1,1,,,,,08:46:05,3.0
2018-09-03,4700000,11,16,1,48.0,10.0,43.6230269,39.7488778,2,1,,,,,10:05:01,2843.0
2018-09-04,2000000,2,5,3,49.6,6.1,61.7675242,34.3784484,1,1,,,,,09:32:26,8090.0
2018-09-04,12500000,6,16,4,71.0,7.0,55.6757857,37.6647249,1,1,,,,,09:32:49,3.0
2018-09-04,1749000,1,1,1,28.0,4.0,45.028744,38.978601,3,1,,,,,10:02:28,2843.0
2018-09-04,1330000,7,9,1,30.0,5.6,51.6364936,39.2731042,3,1,,,,,16:41:31,2072.0
2018-09-04,3200000,7,9,1,47.0,12.0,57.5797443,39.849094,3,1,,,,,17:51:10,2604.0
2018-09-05,3200000,1,5,1,36.0,9.0,43.6286394,39.7213167,1,1,,,,,12:57:15,2843.0
2018-09-05,2700000,7,17,2,62.0,13.0,45.1144372,38.9915437,2,1,,,,,13:47:22,2843.0
2018-09-06,3750000,9,10,3,60.0,8.0,47.223688,39.714968,1,1,,,,,00:19:05,3230.0
2018-09-06,2420000,3,5,3,57.0,6.0,47.249519,39.717744,1,1,,,,,15:42:22,3230.0
2018-09-08,4500000,21,27,1,41.4,13.5,60.0810272,30.3409889,2,1,,,,,00:02:02,2661.0
2018-09-08,1375000,2,5,1,34.0,8.0,56.7944975,53.1860188,3,1,,,,,00:03:33,1010.0
2018-09-08,3150000,5,5,1,50.0,14.0,55.7120531,49.1813351,3,11,,,,,00:04:14,2922.0
2018-09-08,9300000,2,6,2,80.3,8.8,59.9391313,30.3159004,3,1,,,,,00:08:14,2661.0
2018-09-08,8300000,4,6,2,74.0,14.0,60.058138,30.2912622,3,1,,,,,00:09:12,2661.0
2018-09-08,10500000,2,8,3,62.0,4.0,55.5677216,37.4445694,2,1,,,,,00:10:33,3.0
2018-09-08,2100000,8,10,1,42.3,13.7,45.0922453,39.0083362,2,1,,,,,00:14:24,2843.0
2018-09-08,3200000,15,25,1,42.0,11.0,45.042604,38.994833,2,1,,,,,00:14:46,2843.0
2018-09-08,2800000,5,16,2,60.0,11.8,44.6727019,37.7873634,2,1,,,,,00:15:18,2843.0
2018-09-08,2250000,2,9,2,49.3,11.0,45.092175,38.907535,2,1,,,,,00:15:30,2843.0
2018-09-08,4700000,8,16,2,50.0,15.0,44.8898336,37.3128991,2,1,,,,,00:15:38,2843.0
2018-09-08,8499999,8,24,3,122.0,20.0,45.040216,38.975996,2,1,,,,,00:15:39,2843.0
2018-09-08,3000000,8,16,1,52.1,16.0,45.026979,39.087656,2,1,,,,,00:15:53,2843.0
2018-09-08,2581500,8,12,2,54.0,10.3,45.092175,38.907535,2,1,,,,,00:16:09,2843.0
2018-09-08,2662000,4,12,1,48.4,15.1,44.7109441,37.7773073,2,1,,,,,00:16:15,2843.0
2018-09-08,2299000,18,24,1,26.1,5.0,45.0391977,38.913218,2,1,,,,,00:16:23,2843.0
2018-09-08,10250000,12,12,2,77.6,17.0,44.5548253,38.0750783,2,1,,,,,00:16:55,2843.0
2018-09-08,6300000,5,6,3,136.0,10.0,44.6812389,37.786473,2,1,,,,,00:18:00,2843.0
2018-09-08,1900000,6,16,1,39.6,11.9,45.093995,39.001463,2,1,,,,,00:18:23,2843.0
2018-09-08,1880000,8,19,1,42.3,14.5,44.998382,39.076221,2,1,,,,,00:18:27,2843.0
2018-09-08,990000,3,3,1,17.9,4.0,45.0972055,39.0297997,2,1,,,,,00:18:39,2843.0
2018-09-08,10250000,2,3,7,166.0,24.0,47.2239119,39.702144,3,1,,,,,00:19:03,3230.0
2018-09-08,2550000,15,21,1,42.0,12.0,45.0660632,38.9665226,2,1,,,,,00:19:11,2843.0
2018-09-08,1500000,7,8,2,33.0,4.0,44.0542947,43.0372682,1,1,,,,,00:19:22,2900.0
2018-09-08,1990000,15,19,1,41.2,13.6,44.9954885,39.0762484,2,1,,,,,00:19:47,2843.0
2018-09-08,2300000,1,6,2,61.7,13.8,45.09005,39.004454,2,1,,,,,00:20:08,2843.0
2018-09-08,10500000,15,15,4,148.8,35.0,45.043948,38.943306,2,1,,,,,00:20:23,2843.0
2018-09-08,5980000,11,17,3,89.9,12.0,45.05271,39.01791,2,1,,,,,00:20:25,2843.0
2018-09-08,1399000,7,9,1,30.8,9.0,45.0929799,38.9112931,2,1,,,,,00:20:40,2843.0
2018-09-08,1430000,9,9,1,29.2,9.4,45.092175,38.907535,2,1,,,,,00:20:47,2843.0
2018-09-08,9800000,13,16,3,100.0,16.0,45.0207193,38.9863091,2,1,,,,,00:20:55,2843.0
2018-09-08,8300000,5,12,3,128.0,12.0,45.0519865,38.9588649,2,1,,,,,00:21:08,2843.0
2018-09-08,5000000,11,16,2,72.0,20.0,45.055251,38.9681,2,1,,,,,00:22:34,2843.0
2018-09-08,3950000,5,17,2,60.8,10.6,45.05334,39.01863,2,1,,,,,00:22:51,2843.0
2018-09-08,3250000,1,22,2,60.0,13.0,45.071109,39.029967,2,1,,,,,00:25:18,2843.0
2018-09-08,6242346,13,23,2,52.5,19.3,60.0368892,30.2261228,2,11,,,,,00:26:53,2661.0
2018-09-08,1250000,4,4,1,39.0,9.0,45.1129419,39.0471961,2,1,,,,,00:26:58,2843.0
2018-09-08,4899000,3,3,3,82.0,12.0,45.121647,38.92655,2,1,,,,,00:27:04,2843.0
2018-09-08,3100000,1,5,3,61.3,6.0,42.9700151,47.5185726,3,1,,,,,00:27:47,4007.0
2018-09-08,2620000,4,17,1,43.3,14.0,45.054054,39.017705,2,1,,,,,00:27:53,2843.0
2018-09-08,6350000,4,12,1,42.6,8.5,55.7115804,37.3956114,1,1,,,,,00:28:01,3.0
2018-09-08,3888800,6,18,3,97.2,19.5,45.008774,38.996925,2,1,,,,,00:28:07,2843.0
2018-09-08,3268000,8,18,2,62.6,11.5,45.052207,39.034153,2,1,,,,,00:28:17,2843.0
2018-09-08,3700000,6,21,3,70.0,12.0,45.0562898,39.0325793,2,1,,,,,00:28:20,2843.0
2018-09-08,2050000,1,10,2,65.0,14.0,55.166017,61.292384,1,1,,,,,00:29:10,5282.0
2018-09-08,2450000,4,12,1,42.0,10.0,56.6249,47.89191,3,1,,,,,00:29:46,4982.0
2018-09-08,9590400,10,15,2,53.3,10.1,55.6737145,37.7455594,2,11,,,,,00:30:49,3.0
2018-09-08,3050000,15,17,2,70.0,14.0,45.0401604,38.9759647,2,1,,,,,00:31:01,2843.0
2018-09-08,2450000,6,6,2,71.0,12.0,45.090113,39.004886,2,1,,,,,00:31:06,2843.0
2018-09-08,1800000,3,17,1,32.7,9.0,45.052551,39.033138,2,1,,,,,00:31:09,2843.0
2018-09-08,11500000,2,9,3,118.0,16.0,45.0653921,38.9570975,2,1,,,,,00:34:02,2843.0
2018-09-08,3420040,11,20,2,65.7,9.2,45.1028976,38.978231,2,1,,,,,00:34:05,2843.0
2018-09-08,7500000,11,12,3,78.0,8.0,43.595028,39.736366,1,1,,,,,00:34:36,2843.0
2018-09-08,4665500,5,23,2,66.6,9.0,45.0614045,38.9456725,2,1,,,,,00:35:08,2843.0
2018-09-08,12834500,10,15,3,67.6,12.7,55.6737145,37.7455594,2,11,,,,,00:36:21,3.0
2018-09-08,4990050,8,15,-1,25.6,4.7,55.6737145,37.7455594,2,11,,,,,00:40:46,3.0
2018-09-08,8686800,2,15,1,45.7,12.7,55.6737145,37.7455594,2,11,,,,,00:45:12,3.0
2018-09-08,4900000,16,18,1,42.0,8.1,59.999408,30.206103,2,1,,,,,00:46:36,2661.0
2018-09-08,10922400,13,15,2,53.3,6.7,55.6737145,37.7455594,2,11,,,,,00:47:32,3.0
2018-09-08,2900000,4,16,2,60.3,10.7,44.6727019,37.7873634,2,11,,,,,00:50:26,2843.0
2018-09-08,1150000,2,5,3,73.0,12.0,56.110533,47.2223089,1,1,,,,,00:52:20,3019.0
2018-09-08,2600000,2,5,2,50.0,30.0,55.7147315,38.2104552,3,1,,,,,00:52:53,81.0
2018-09-08,1600000,1,5,2,50.9,8.3,58.0898712,56.3887247,1,1,,,,,00:53:01,5520.0
2018-09-08,6800000,5,10,2,70.0,18.0,44.8794194,37.3086079,2,1,,,,,00:53:11,2843.0
2018-09-08,5400000,3,3,3,70.0,20.0,44.0990441,39.079564,2,1,,,,,00:53:34,2843.0
2018-09-08,1760000,4,5,2,44.0,7.0,61.79891,34.335873,1,1,,,,,00:53:49,8090.0
2018-09-08,1969000,1,3,1,38.5,7.1,61.7559258,34.4371373,3,1,,,,,00:53:49,8090.0
2018-09-08,3699000,5,10,1,44.0,16.0,44.8794194,37.3086079,2,1,,,,,00:53:51,2843.0
2018-09-08,1800000,5,5,2,44.0,6.0,57.9568563,56.2411761,3,1,,,,,00:54:05,5520.0
2018-09-08,1900000,4,5,2,50.9,10.0,44.8661755,38.1536477,3,1,,,,,00:54:44,2843.0
2018-09-08,4800000,13,14,3,107.0,13.0,44.675917,37.789169,2,1,,,,,00:54:45,2843.0
2018-09-08,1550000,1,2,2,41.9,7.6,44.8661755,38.1536477,3,1,,,,,00:54:49,2843.0
2018-09-08,6500000,5,10,1,58.0,18.7,44.8876224,37.3030946,2,1,,,,,00:54:50,2843.0
2018-09-08,4069000,2,5,2,59.0,12.0,44.5911683,38.0426932,2,1,,,,,00:55:00,2843.0
2018-09-08,7600000,13,14,2,54.0,12.0,55.5477812,37.5701297,1,1,,,,,00:55:02,3.0
2018-09-08,6400000,4,9,3,100.0,15.0,44.6751367,37.7843935,2,1,,,,,00:55:06,2843.0
2018-09-08,5500000,3,16,1,55.0,18.0,55.816377,37.9656188,1,1,,,,,00:56:00,81.0
2018-09-08,3462000,6,6,2,57.7,12.0,44.5753673,38.083733,2,1,,,,,00:56:11,2843.0
2018-09-08,3400000,4,9,2,43.0,8.0,56.8563731,60.5611618,1,1,,,,,00:58:01,6171.0
2018-09-08,2050000,1,4,1,32.0,6.0,56.0796388,37.9308719,3,1,,,,,00:59:22,81.0
2018-09-08,1350000,7,9,1,31.3,2.0,45.102565,38.9605,2,1,,,,,00:59:29,2843.0
2018-09-08,4700000,8,25,2,67.4,16.7,45.0531851,39.0158208,2,1,,,,,00:59:40,2843.0
2018-09-08,1400000,17,17,1,25.0,7.0,45.102559,38.970193,2,1,,,,,00:59:41,2843.0
2018-09-08,3600000,4,16,2,63.4,11.5,45.071771,38.956736,2,1,,,,,00:59:43,2843.0
2018-09-08,2400000,13,17,1,43.7,13.5,45.0670461,38.9597009,2,1,,,,,00:59:49,2843.0
2018-09-08,3600000,11,14,1,41.5,12.0,45.026228,38.904616,2,1,,,,,00:59:53,2843.0
2018-09-08,9300000,9,22,3,120.0,16.0,45.060223,39.001256,2,1,,,,,01:01:25,2843.0
2018-09-08,3100000,15,22,1,44.0,12.0,45.0419093,38.912694,2,1,,,,,01:01:53,2843.0
2018-09-08,2300000,16,16,1,35.2,10.0,45.097692,38.986488,2,1,,,,,01:02:20,2843.0
2018-09-08,4300000,2,16,3,100.0,14.0,45.002932,39.032841,2,1,,,,,01:02:25,2843.0
2018-09-08,10300000,9,16,3,153.0,24.5,45.0644,38.974118,2,1,,,,,01:04:18,2843.0
2018-09-08,5700000,11,18,2,62.9,14.0,45.064438,38.95484,2,1,,,,,01:04:22,2843.0
2018-09-08,6700000,12,17,3,87.3,17.0,45.054054,39.017705,2,1,,,,,01:04:24,2843.0
2018-09-08,2098000,5,11,1,42.0,9.0,45.071771,38.956736,2,1,,,,,01:04:31,2843.0
2018-09-08,2600000,15,16,1,50.0,13.2,45.0687201,38.9508366,2,1,,,,,01:04:33,2843.0
2018-09-08,3600000,10,24,1,54.0,13.5,45.040216,38.975996,2,1,,,,,01:04:50,2843.0
2018-09-08,1555555,2,3,1,40.6,11.4,45.094962,38.943486,2,1,,,,,01:04:55,2843.0
2018-09-08,3300000,12,14,1,39.0,7.0,45.0643704,38.9524864,2,1,,,,,01:04:55,2843.0
2018-09-08,5500000,15,17,2,67.0,14.0,45.05271,39.01791,2,1,,,,,01:05:05,2843.0
2018-09-08,3400000,11,19,1,47.0,14.0,45.0374119,38.9461799,2,1,,,,,01:06:05,2843.0
2018-09-08,1850000,6,12,1,39.0,11.0,45.092175,38.907535,2,1,,,,,01:06:10,2843.0
2018-09-08,3338027,7,24,2,56.3,9.2,45.0531851,39.0158208,2,1,,,,,01:06:38,2843.0
2018-09-08,3672000,14,16,2,60.5,8.0,45.007559,39.076409,2,1,,,,,01:06:40,2843.0
2018-09-08,2700000,1,3,2,57.0,12.0,45.1321823,38.9086423,2,1,,,,,01:07:09,2843.0
2018-09-08,2600000,2,3,1,42.0,9.0,45.053041,38.851822,2,1,,,,,01:07:31,2843.0
2018-09-08,1650000,2,6,2,45.0,6.0,54.5949431,52.4436141,3,1,,,,,01:08:38,2922.0
2018-09-08,1750000,4,12,1,38.0,10.0,45.145576,38.9944556,2,1,,,,,01:10:30,2843.0
2018-09-08,2591000,12,12,1,47.2,15.0,44.7109441,37.7773073,2,1,,,,,01:10:44,2843.0
2018-09-08,9564880,3,14,1,44.5,17.0,55.7909684,37.4753952,2,11,,,,,01:10:47,3.0
2018-09-08,6581000,12,17,3,81.0,12.0,60.027467,30.256876,1,11,,,,,01:11:25,2661.0
2018-09-08,595000,5,5,1,33.0,5.0,45.126639,40.9603779,3,1,,,,,01:11:50,2843.0
2018-09-08,4086180,25,25,2,62.1,20.5,44.6759321,37.7868612,2,1,,,,,01:14:24,2843.0
2018-09-08,2950000,11,18,1,53.0,13.0,45.026731,39.089821,2,1,,,,,01:14:34,2843.0
2018-09-08,1700000,3,16,1,32.3,5.1,45.148383,38.9996392,2,1,,,,,01:14:37,2843.0
2018-09-08,2279160,16,20,1,43.8,12.0,45.1028976,38.978231,2,1,,,,,01:14:39,2843.0
2018-09-08,4821960,11,25,3,84.3,16.7,44.6759321,37.7868612,2,1,,,,,01:14:52,2843.0
2018-09-08,5700000,15,16,3,90.0,22.3,45.040668,38.997663,2,1,,,,,01:15:32,2843.0
2018-09-08,1980480,8,20,1,41.2,12.7,45.1028976,38.978231,2,1,,,,,01:15:53,2843.0
2018-09-08,4000000,2,17,2,75.7,20.0,45.1018005,38.972481,2,1,,,,,01:15:56,2843.0
2018-09-08,6000000,3,18,2,79.7,15.4,45.053143,39.019816,2,1,,,,,01:15:58,2843.0
2018-09-08,3367200,16,25,1,48.8,14.1,45.0614045,38.9456725,2,1,,,,,01:16:25,2843.0
2018-09-08,2080000,15,28,1,36.0,9.0,51.648443,39.188708,2,11,,,,,01:16:26,2072.0
2018-09-08,3238503,9,16,3,73.7,11.6,44.8703277,37.3367778,2,1,,,,,01:16:34,2843.0
2018-09-08,6300000,15,17,2,66.1,12.0,45.0500124,38.984306,2,1,,,,,01:16:35,2843.0
2018-09-08,1501500,4,19,1,30.0,9.0,45.045132,38.993711,2,1,,,,,01:16:36,2843.0
2018-09-08,8500000,7,24,3,113.0,16.6,45.040216,38.975996,2,1,,,,,01:16:45,2843.0
2018-09-08,9609080,2,14,1,45.2,10.4,55.7899861,37.4754634,2,11,,,,,01:17:27,3.0
2018-09-08,3550000,16,19,1,60.1,14.0,45.0644472,38.9563685,2,1,,,,,01:18:22,2843.0
2018-09-08,1182000,4,9,1,24.4,3.0,45.092175,38.907535,2,1,,,,,01:18:27,2843.0
2018-09-08,4225900,14,25,2,60.3,7.0,45.0614045,38.9456725,2,1,,,,,01:18:30,2843.0
2018-09-08,2600000,1,12,2,54.0,12.0,45.092175,38.907535,2,1,,,,,01:18:36,2843.0
2018-09-08,1850000,1,9,1,36.0,9.0,45.073732,38.903924,2,1,,,,,01:18:40,2843.0
2018-09-08,2200000,9,9,2,45.0,9.5,45.092175,38.907535,2,1,,,,,01:18:45,2843.0
2018-09-08,815100,2,8,1,24.7,5.0,45.0471141,39.1185627,2,1,,,,,01:19:28,2843.0
2018-09-08,4406000,5,24,2,76.5,15.2,45.0598242,38.9443542,2,1,,,,,01:19:55,2843.0
2018-09-08,2050000,4,16,1,40.0,10.5,45.056779,39.034171,2,1,,,,,01:20:22,2843.0
2018-09-08,1813000,3,8,2,51.8,11.5,45.046915,39.109297,2,1,,,,,01:20:28,2843.0
2018-09-08,2766160,1,12,2,56.8,12.5,45.092175,38.907535,2,1,,,,,01:20:29,2843.0
2018-09-08,3850000,12,16,3,83.0,19.0,44.7397087,37.7236071,2,1,,,,,01:20:33,2843.0
2018-09-08,3450000,3,5,2,42.0,8.5,43.6520095,39.7150752,2,1,,,,,01:21:41,2843.0
2018-09-08,1650000,5,9,1,43.6,10.8,45.1017778,38.9485161,2,1,,,,,01:22:00,2843.0
2018-09-08,11000000,12,20,3,160.0,20.0,44.683589,37.784201,2,1,,,,,01:22:31,2843.0
2018-09-08,3200000,2,3,1,54.0,11.0,44.7235026,37.7686135,2,1,,,,,01:22:45,2843.0
2018-09-08,1070000,1,6,1,29.0,9.0,44.2533485,38.8509164,2,1,,,,,01:22:54,2843.0
2018-09-08,1282000,3,6,1,37.0,9.0,44.2533485,38.8509164,2,1,,,,,01:22:55,2843.0
2018-09-08,3925740,18,18,3,88.0,17.4,44.875795,37.3430958,2,1,,,,,01:22:57,2843.0
2018-09-08,5200000,10,10,2,110.0,26.0,44.6842704,37.7875115,2,1,,,,,01:23:02,2843.0
2018-09-08,2099000,12,18,1,43.7,11.0,44.875795,37.3430958,2,1,,,,,01:23:16,2843.0
2018-09-08,18974540,4,14,3,88.3,14.1,55.7909684,37.4753952,2,11,,,,,01:23:38,3.0
2018-09-08,4135000,2,9,2,74.0,14.0,44.5069254,38.1300164,2,1,,,,,01:23:50,2843.0
2018-09-08,13293000,3,14,2,64.4,14.0,55.7909684,37.4753952,2,11,,,,,01:23:56,3.0
2018-09-08,3800000,3,5,1,67.0,17.0,44.5909971,38.0598961,2,1,,,,,01:24:13,2843.0
2018-09-08,5250000,2,5,1,52.0,19.0,44.589863,38.04933,2,1,,,,,01:24:35,2843.0
2018-09-08,9500000,11,12,2,79.5,15.8,44.5548253,38.0750783,2,1,,,,,01:25:02,2843.0
2018-09-08,5908704,16,25,4,121.0,22.8,44.6759321,37.7868612,2,1,,,,,01:25:12,2843.0
2018-09-08,5933900,11,25,4,121.1,22.8,44.6759321,37.7868612,2,1,,,,,01:25:23,2843.0
2018-09-08,5507380,7,10,4,108.2,14.2,44.6759321,37.7868612,2,1,,,,,01:25:34,2843.0
2018-09-08,4355040,9,10,3,84.4,14.6,44.6759321,37.7868612,2,1,,,,,01:25:44,2843.0
2018-09-08,3006900,11,23,1,46.2,12.2,45.0614045,38.9456725,2,1,,,,,01:26:01,2843.0
2018-09-08,2500000,12,16,1,39.0,10.0,44.7235026,37.7686135,4,11,,,,,01:26:07,2843.0
2018-09-08,3300000,7,9,1,36.0,10.0,44.5528109,38.0993208,2,1,,,,,01:26:07,2843.0
2018-09-08,4937000,1,5,2,73.7,15.0,44.589863,38.04933,2,1,,,,,01:26:15,2843.0
2018-09-08,2200000,8,9,2,44.0,6.0,55.7273582,52.399596,1,1,,,,,01:26:39,2922.0
2018-09-08,8400000,12,12,3,84.0,30.0,44.5548253,38.0750783,2,1,,,,,01:26:55,2843.0
2018-09-08,12500000,7,13,3,130.0,25.0,44.881332,37.32662,2,1,,,,,01:27:40,2843.0
2018-09-08,25103560,11,14,4,115.5,14.9,55.7904694,37.4753504,2,11,,,,,01:27:55,3.0
2018-09-08,3860000,4,5,2,57.4,11.0,44.5911683,38.0426932,2,1,,,,,01:29:50,2843.0
2018-09-08,8500000,4,12,3,120.0,19.0,44.8792656,37.3251457,2,1,,,,,01:30:30,2843.0
2018-09-08,1300000,5,10,1,41.36,10.88,54.946917,82.973008,1,11,,,,,01:30:41,9654.0
2018-09-08,1750000,9,10,1,58.03,17.0,55.0144633,83.0020738,1,1,,,,,01:30:42,9654.0
2018-09-08,1090000,4,10,1,32.47,5.0,54.9438939,82.9668414,1,11,,,,,01:30:45,9654.0
2018-09-08,890000,7,10,1,33.0,1.0,54.94443,82.95908,1,11,,,,,01:30:48,9654.0
2018-09-08,2356000,3,5,1,35.0,11.0,44.5911683,38.0426932,2,1,,,,,01:30:58,2843.0
2018-09-08,1450000,8,10,1,40.0,5.0,54.94623,82.97007,1,1,,,,,01:31:01,9654.0
2018-09-08,1960000,13,18,3,73.23,7.0,54.9449409,82.971643,1,11,,,,,01:31:02,9654.0
2018-09-08,1900000,14,18,3,74.0,12.0,54.943893,82.96749,1,11,,,,,01:31:02,9654.0
2018-09-08,1050000,5,10,1,39.35,4.4,54.943577,82.95886,1,1,,,,,01:31:13,9654.0
2018-09-08,1879000,10,10,3,87.39,12.92,54.943577,82.95886,1,11,,,,,01:31:16,9654.0
2018-09-08,2580000,2,9,1,32.0,7.0,55.03207,82.901215,3,1,,,,,01:31:18,9654.0
2018-09-08,1600000,2,3,1,30.0,5.0,54.9357496,82.8452699,1,1,,,,,01:31:19,9654.0
2018-09-08,1180000,5,10,1,32.0,5.0,54.9438939,82.9668414,1,11,,,,,01:31:22,9654.0
2018-09-08,2300000,1,3,1,33.0,9.0,44.5509747,38.0959943,2,1,,,,,01:31:22,2843.0
2018-09-08,980000,5,10,1,32.0,5.0,54.94361,82.962845,1,11,,,,,01:31:24,9654.0
2018-09-08,1300000,7,10,1,34.0,1.0,55.0144633,83.0020738,1,11,,,,,01:31:25,9654.0
2018-09-08,1750000,1,10,2,63.13,12.0,55.013916,83.00329,1,11,,,,,01:31:31,9654.0
2018-09-08,1440600,2,10,2,48.02,13.78,54.9471407,82.9585961,1,11,,,,,01:31:32,9654.0
2018-09-08,1050000,3,10,1,33.58,5.0,54.946224,82.968031,1,1,,,,,01:31:37,9654.0
2018-09-08,1700000,1,10,1,58.03,17.0,55.014108,83.0016615,1,1,,,,,01:31:54,9654.0
2018-09-08,2150000,2,10,2,58.0,9.0,55.017212,83.00393,1,11,,,,,01:31:55,9654.0
2018-09-08,1370000,1,1,2,42.0,6.0,55.0005736,82.98373,3,1,,,,,01:32:09,9654.0
2018-09-08,1003000,8,10,1,39.35,5.0,55.0139939,83.0033194,1,11,,,,,01:32:13,9654.0
2018-09-08,1500000,10,18,2,56.14,7.0,54.9460168,82.9728021,1,11,,,,,01:32:15,9654.0
2018-09-08,1600000,3,10,2,63.13,12.0,54.94443,82.95908,1,11,,,,,01:32:21,9654.0
2018-09-08,889000,10,10,1,33.58,5.0,55.0303931,83.0155452,1,11,,,,,01:32:22,9654.0
2018-09-08,906000,8,10,2,33.58,5.0,55.0303931,83.0155452,1,11,,,,,01:32:24,9654.0
2018-09-08,2300000,4,10,2,64.0,5.0,55.012889,83.000083,1,1,,,,,01:32:26,9654.0
2018-09-08,1020000,2,10,1,33.58,5.0,54.942858,82.963881,1,1,,,,,01:32:28,9654.0
2018-09-08,1287000,1,10,1,48.94,13.78,55.0303931,83.0155452,1,11,,,,,01:32:32,9654.0
2018-09-08,1301000,7,10,1,48.94,13.78,55.0303931,83.0155452,1,11,,,,,01:32:34,9654.0
2018-09-08,940240,4,10,1,33.58,5.0,55.0303931,83.0155452,1,11,,,,,01:32:36,9654.0
2018-09-08,957400,1,10,1,33.58,5.0,54.94443,82.95908,1,11,,,,,01:32:47,9654.0
2018-09-08,1450000,6,10,1,48.02,14.0,54.947786,82.970996,1,11,,,,,01:32:48,9654.0
2018-09-08,900000,7,10,2,32.0,5.0,54.94361,82.962845,4,11,,,,,01:32:56,9654.0
2018-09-08,1750000,10,18,2,56.14,7.0,54.943489,82.968319,1,11,,,,,01:32:57,9654.0
2018-09-08,2475000,8,17,1,49.7,14.0,44.8828257,37.3354416,2,1,,,,,01:33:03,2843.0
2018-09-08,5900000,16,16,2,60.0,10.0,44.8898336,37.3128991,2,1,,,,,01:33:10,2843.0
2018-09-08,1200000,8,10,1,39.35,5.0,55.0128402,83.0018862,1,1,,,,,01:33:15,9654.0
2018-09-08,2000000,5,10,3,86.96,8.06,54.9446991,82.9679225,1,11,,,,,01:33:20,9654.0
2018-09-08,800000,10,10,1,32.47,5.0,54.942858,82.963881,1,1,,,,,01:33:23,9654.0
2018-09-08,2700000,6,14,5,67.3,18.6,45.114849,38.986219,2,1,,,,,01:33:23,2843.0
2018-09-08,1905000,10,10,3,87.39,13.0,55.013916,83.00329,1,11,,,,,01:33:38,9654.0
2018-09-08,2190000,7,10,2,63.13,12.05,54.946644,82.96875,1,1,,,,,01:33:46,9654.0
2018-09-08,1800000,10,10,2,63.0,12.0,54.946644,82.96875,1,1,,,,,01:33:48,9654.0
2018-09-08,1200000,2,10,1,32.47,5.0,55.014108,83.0016615,1,11,,,,,01:33:51,9654.0
2018-09-08,1240800,5,10,1,41.36,11.0,54.942853,82.96,1,11,,,,,01:33:52,9654.0
2018-09-08,995000,7,10,1,39.35,1.0,55.0303931,83.0155452,1,11,,,,,01:33:55,9654.0
2018-09-08,2737000,3,5,1,41.2,12.0,44.5911683,38.0426932,2,1,,,,,01:33:57,2843.0
2018-09-08,980000,10,10,1,32.0,4.0,54.944993,82.962031,1,1,,,,,01:33:59,9654.0
2018-09-08,1120600,1,10,1,39.02,7.0,54.945236,82.961357,1,11,,,,,01:34:08,9654.0
2018-09-08,1320000,1,10,1,32.4,5.0,55.0333136,83.0250255,1,1,,,,,01:34:10,9654.0
2018-09-08,2310000,1,10,3,59.02,8.5,55.0168082,83.0089087,1,1,,,,,01:34:12,9654.0
2018-09-08,2150000,3,18,2,55.0,7.0,55.0169091,83.0067324,1,1,,,,,01:34:25,9654.0
2018-09-08,1630000,18,18,2,56.14,7.0,54.943893,82.96749,1,11,,,,,01:34:27,9654.0
2018-09-08,1850000,1,10,2,51.3,14.0,55.0333136,83.0250255,1,11,,,,,01:34:43,9654.0
2018-09-08,1400000,3,10,1,34.0,5.0,55.020946,83.008599,1,1,,,,,01:34:45,9654.0
2018-09-08,1150000,2,10,1,33.0,5.0,55.0144633,83.0020738,1,11,,,,,01:34:48,9654.0
2018-09-08,974100,6,10,1,32.47,5.0,54.944957,82.96274,1,11,,,,,01:34:50,9654.0
2018-09-08,1850000,1,10,2,63.85,11.0,55.014108,83.0016615,1,11,,,,,01:34:51,9654.0
2018-09-08,1948000,6,10,3,87.39,12.92,55.0303931,83.0155452,1,11,,,,,01:34:53,9654.0
2018-09-08,975000,10,10,1,39.0,1.0,55.013916,83.00329,1,11,,,,,01:34:56,9654.0
2018-09-08,2400000,1,10,3,87.39,12.92,55.0128402,83.0018862,1,11,,,,,01:35:00,9654.0
2018-09-08,4200000,4,10,3,60.0,30.0,55.0020643,83.0151639,3,1,,,,,01:35:03,9654.0
2018-09-08,1300000,5,10,1,41.36,10.88,54.94702,82.972235,1,11,,,,,01:35:16,9654.0
2018-09-08,1162216,9,10,1,41.36,10.88,55.0303931,83.0155452,1,11,,,,,01:35:22,9654.0
2018-09-08,940000,4,10,1,33.58,5.0,55.0303931,83.0155452,1,11,,,,,01:35:22,9654.0
2018-09-08,1250000,3,10,1,32.0,4.0,55.014108,83.0016615,1,1,,,,,01:35:27,9654.0
2018-09-08,1700000,1,4,1,42.1,12.4,54.9213159,82.9911603,3,11,,,,,01:35:29,9654.0
2018-09-08,1280000,10,10,1,48.94,13.0,55.0303931,83.0155452,1,11,,,,,01:35:30,9654.0
2018-09-08,1850000,6,10,1,58.0,16.0,55.017212,83.00393,1,11,,,,,01:35:32,9654.0
2018-09-08,1398000,1,10,2,58.75,8.35,55.0303931,83.0155452,1,11,,,,,01:35:34,9654.0
2018-09-08,1451892,2,10,3,59.0,8.0,55.0303931,83.0155452,1,11,,,,,01:35:42,9654.0
2018-09-08,1450000,10,10,1,41.36,17.0,55.0176723,83.003522,1,1,,,,,01:35:57,9654.0
2018-09-08,1948700,6,10,3,87.39,13.0,55.0303931,83.0155452,1,11,,,,,01:36:00,9654.0
2018-09-08,1250000,4,10,1,41.36,11.0,54.946917,82.973008,1,11,,,,,01:36:16,9654.0
2018-09-08,1600000,8,10,2,58.0,8.0,54.942858,82.963881,1,1,,,,,01:36:18,9654.0
2018-09-08,1720000,9,10,3,59.02,8.6,54.950903,82.962821,1,1,,,,,01:36:20,9654.0
2018-09-08,2400000,8,10,1,41.0,10.0,54.979454,83.05062,3,11,,,,,01:36:28,9654.0
2018-09-08,2600000,9,17,1,42.0,10.0,55.0078245,82.9674939,0,1,,,,,01:36:31,9654.0
2018-09-08,1550000,9,10,2,63.0,12.0,54.945609,82.96027,1,11,,,,,01:36:33,9654.0
2018-09-08,950000,2,10,1,32.47,5.0,54.9439663,82.964339,1,11,,,,,01:36:36,9654.0
2018-09-08,1141536,10,10,1,41.0,10.0,55.0303931,83.0155452,1,11,,,,,01:36:37,9654.0
2018-09-08,2200000,6,10,2,64.0,11.0,55.012889,83.000083,1,1,,,,,01:36:51,9654.0
2018-09-08,1750000,4,10,1,58.03,16.59,55.014108,83.0016615,1,1,,,,,01:36:53,9654.0
2018-09-08,906660,8,10,1,33.58,5.0,55.0303931,83.0155452,1,11,,,,,01:36:55,9654.0
2018-09-08,1948000,7,10,3,87.39,12.92,55.0303931,83.0155452,1,11,,,,,01:36:57,9654.0
2018-09-08,1560000,1,10,1,42.3,11.3,55.0333136,83.0250255,1,1,,,,,01:37:09,9654.0
2018-09-08,1600000,1,10,3,59.0,9.0,54.9471407,82.9585961,1,11,,,,,01:37:11,9654.0
2018-09-08,1430000,1,10,1,41.36,10.88,55.0139939,83.0033194,1,1,,,,,01:37:20,9654.0
2018-09-08,1250000,2,18,1,41.39,10.0,54.943893,82.96749,1,11,,,,,01:37:22,9654.0
2018-09-08,985310,7,10,1,39.02,2.71,55.0303931,83.0155452,1,11,,,,,01:37:26,9654.0
2018-09-08,1260000,9,10,1,48.94,13.6,55.0303931,83.0155452,1,11,,,,,01:37:28,9654.0
2018-09-08,1500000,14,18,2,56.14,7.0,54.9460168,82.9728021,1,11,,,,,01:37:31,9654.0
2018-09-08,1800000,6,10,1,48.94,13.8,55.017212,83.00393,1,1,,,,,01:37:32,9654.0
2018-09-08,1481000,4,10,3,59.02,8.0,55.0139939,83.0033194,1,11,,,,,01:37:32,9654.0
2018-09-08,1550000,5,10,1,41.36,10.88,55.0139939,83.0033194,1,11,,,,,01:37:38,9654.0
2018-09-08,1300000,17,18,1,41.39,10.88,54.950898,82.964348,1,11,,,,,01:37:38,9654.0
2018-09-08,2160000,1,10,2,58.0,10.0,55.029434,83.02724,1,1,,,,,01:37:40,9654.0
